date,feature_index,CO
2025-11-30T00:00:00.000Z,0,0.026237230747938156
2025-11-26T00:00:00.000Z,0,0.02481756452471018
2025-11-25T00:00:00.000Z,0,
2025-11-28T00:00:00.000Z,0,
2025-11-29T00:00:00.000Z,0,0.029273675222482
2025-12-01T00:00:00.000Z,0,
2025-11-27T00:00:00.000Z,0,0.023020060112078983
2025-11-24T00:00:00.000Z,0,
2026-03-03T00:00:00.000Z,0,0.026909864930944008
2026-03-05T00:00:00.000Z,0,0.02706534806638956
2026-03-06T00:00:00.000Z,0,
2026-03-02T00:00:00.000Z,0,
2026-03-01T00:00:00.000Z,0,
2026-03-04T00:00:00.000Z,0,0.024126183862487476
2026-02-28T00:00:00.000Z,0,
2026-03-07T00:00:00.000Z,0,
2026-05-21T00:00:00.000Z,0,0.029745181712011497
2026-05-19T00:00:00.000Z,0,0.02609678078442812
2026-05-23T00:00:00.000Z,0,0.03268535776684681
2026-05-25T00:00:00.000Z,0,0.02863435950130224
2026-05-26T00:00:00.000Z,0,0.026574700449903805
2026-05-20T00:00:00.000Z,0,0.028498629108071327
2026-05-22T00:00:00.000Z,0,0.029154992795416286
2026-05-24T00:00:00.000Z,0,0.03385281190276146
2026-06-13T00:00:00.000Z,0,0.027909448184072972
2026-06-16T00:00:00.000Z,0,0.029113642702048474
2026-06-15T00:00:00.000Z,0,0.02944276574999094
2026-06-19T00:00:00.000Z,0,0.02752958843484521
2026-06-18T00:00:00.000Z,0,0.02855523598069946
2026-06-14T00:00:00.000Z,0,0.0291439565745267
2026-06-17T00:00:00.000Z,0,0.032303961692377925
2026-06-12T00:00:00.000Z,0,
2025-12-15T00:00:00.000Z,0,0.029673242568969728
2025-12-10T00:00:00.000Z,0,0.024302219633351673
2025-12-16T00:00:00.000Z,0,
2025-12-17T00:00:00.000Z,0,0.024779589536289375
2025-12-12T00:00:00.000Z,0,0.029667319419483345
2025-12-13T00:00:00.000Z,0,0.030794009566307068
2025-12-11T00:00:00.000Z,0,
2025-12-14T00:00:00.000Z,0,0.026580578181892633
2025-09-20T00:00:00.000Z,0,0.027528681016216677
2025-09-16T00:00:00.000Z,0,
2025-09-18T00:00:00.000Z,0,
2025-09-15T00:00:00.000Z,0,0.02619773770372073
2025-09-14T00:00:00.000Z,0,0.026621981989592314
2025-09-19T00:00:00.000Z,0,0.02829843945801258
2025-09-13T00:00:00.000Z,0,0.031146399676799774
2025-09-17T00:00:00.000Z,0,0.03495985781773925
2025-10-18T00:00:00.000Z,0,0.03430762514472008
2025-10-19T00:00:00.000Z,0,0.033562880319853626
2025-10-22T00:00:00.000Z,0,
2025-10-16T00:00:00.000Z,0,0.03161903517320752
2025-10-20T00:00:00.000Z,0,0.033589349551634354
2025-10-15T00:00:00.000Z,0,0.032635507018615804
2025-10-21T00:00:00.000Z,0,0.03550189547240734
2025-10-17T00:00:00.000Z,0,0.030254024391372997
2025-12-19T00:00:00.000Z,0,
2025-12-23T00:00:00.000Z,0,0.028780819149687886
2025-12-18T00:00:00.000Z,0,0.02737925286320123
2025-12-25T00:00:00.000Z,0,0.02678720373660326
2025-12-21T00:00:00.000Z,0,
2025-12-24T00:00:00.000Z,0,0.02846614643931389
2025-12-20T00:00:00.000Z,0,0.02668015193194151
2025-12-22T00:00:00.000Z,0,0.030534799521168072
2026-01-23T00:00:00.000Z,0,
2026-01-25T00:00:00.000Z,0,0.0248156376183033
2026-01-19T00:00:00.000Z,0,0.03200761073579391
2026-01-21T00:00:00.000Z,0,
2026-01-22T00:00:00.000Z,0,
2026-01-26T00:00:00.000Z,0,0.028819212689995766
2026-01-20T00:00:00.000Z,0,0.024125408647315844
2026-01-24T00:00:00.000Z,0,0.028779648011550307
2026-04-06T00:00:00.000Z,0,0.02960874404137333
2026-04-02T00:00:00.000Z,0,0.029216154478490353
2026-04-05T00:00:00.000Z,0,0.027638041879981756
2026-04-04T00:00:00.000Z,0,0.02638407051563263
2026-04-08T00:00:00.000Z,0,
2026-04-01T00:00:00.000Z,0,0.027268261648714542
2026-04-03T00:00:00.000Z,0,0.02781065311282873
2026-04-07T00:00:00.000Z,0,0.02880530956793915
2026-07-09T00:00:00.000Z,0,0.028557967394590378
2026-07-10T00:00:00.000Z,0,0.03220108492920796
2026-07-07T00:00:00.000Z,0,0.025861372239887714
2026-07-08T00:00:00.000Z,0,0.031273564944664635
2026-07-11T00:00:00.000Z,0,
2026-07-13T00:00:00.000Z,0,0.033150463923811914
2026-07-06T00:00:00.000Z,0,0.029844952126344044
2026-07-12T00:00:00.000Z,0,0.0343321223432819
2026-03-08T00:00:00.000Z,0,0.028803660534322262
2026-03-09T00:00:00.000Z,0,0.03302964805202051
2026-03-12T00:00:00.000Z,0,0.02645249788959821
2026-03-10T00:00:00.000Z,0,0.030875209718942642
2026-03-13T00:00:00.000Z,0,0.026029011979699136
2026-03-15T00:00:00.000Z,0,0.029760078837474186
2026-03-11T00:00:00.000Z,0,0.027896236007412274
2026-03-14T00:00:00.000Z,0,0.026296349242329597
2026-08-28T00:00:00.000Z,0,0.040650369909902416
2026-08-25T00:00:00.000Z,0,0.03295889077708125
2026-08-27T00:00:00.000Z,0,0.03349988084907333
2026-08-24T00:00:00.000Z,0,0.032691800656418
2026-08-29T00:00:00.000Z,0,0.03793361410498619
2026-08-26T00:00:00.000Z,0,0.032092060738553606
2026-08-30T00:00:00.000Z,0,0.03532757610082626
2026-08-23T00:00:00.000Z,0,0.03405453637242317
2026-08-16T00:00:00.000Z,0,0.034826256024340786
2026-08-21T00:00:00.000Z,0,0.030284162145107985
2026-08-18T00:00:00.000Z,0,0.03690982609987259
2026-08-15T00:00:00.000Z,0,0.035466251048174774
2026-08-19T00:00:00.000Z,0,0.03601274204750856
2026-08-22T00:00:00.000Z,0,0.03549013535181681
2026-08-17T00:00:00.000Z,0,0.0350353562583526
2026-08-20T00:00:00.000Z,0,0.0353896100487974
2025-09-08T00:00:00.000Z,0,0.02130902837961912
2025-09-10T00:00:00.000Z,0,
2025-09-12T00:00:00.000Z,0,0.02693057230984171
2025-09-11T00:00:00.000Z,0,
2025-09-06T00:00:00.000Z,0,0.02769307140260935
2025-09-07T00:00:00.000Z,0,
2025-09-09T00:00:00.000Z,0,0.026713266037404537
2025-09-05T00:00:00.000Z,0,0.030156010296195745
2025-09-03T00:00:00.000Z,0,0.03072070625300209
2025-09-04T00:00:00.000Z,0,0.027037010062485933
2025-09-02T00:00:00.000Z,0,0.02662071455270052
2025-08-30T00:00:00.000Z,0,
2025-08-31T00:00:00.000Z,0,0.02862448524683714
2025-09-01T00:00:00.000Z,0,0.029639053934564192
2025-10-31T00:00:00.000Z,0,0.02763554360717535
2025-11-01T00:00:00.000Z,0,
2026-07-02T00:00:00.000Z,0,0.032417363642404474
2026-07-04T00:00:00.000Z,0,0.029963049571961164
2026-07-03T00:00:00.000Z,0,0.03323496086522937
2026-07-01T00:00:00.000Z,0,0.029557528905570507
2026-06-29T00:00:00.000Z,0,0.024730925551719136
2026-06-30T00:00:00.000Z,0,0.028071672034760315
2026-07-05T00:00:00.000Z,0,0.030423324089497328
2026-06-28T00:00:00.000Z,0,0.026193649973720312
2026-06-03T00:00:00.000Z,0,0.027371775048474472
2026-05-29T00:00:00.000Z,0,0.03319657236958543
2026-06-02T00:00:00.000Z,0,0.029085411379734676
2026-06-01T00:00:00.000Z,0,0.0319698816165328
2026-05-30T00:00:00.000Z,0,0.03097903705202043
2026-05-28T00:00:00.000Z,0,0.030935545762379963
2026-05-27T00:00:00.000Z,0,0.029527698540025286
2026-05-31T00:00:00.000Z,0,0.02875790304758332
2026-06-06T00:00:00.000Z,0,0.029278713123251993
2026-06-11T00:00:00.000Z,0,0.030689981952309608
2026-06-05T00:00:00.000Z,0,0.025758750115831692
2026-06-07T00:00:00.000Z,0,0.025332090289642412
2026-06-10T00:00:00.000Z,0,
2026-06-09T00:00:00.000Z,0,0.032579791732132435
2026-06-08T00:00:00.000Z,0,0.030070309527218342
2026-06-04T00:00:00.000Z,0,0.03298248872160912
2026-06-22T00:00:00.000Z,0,0.031477115540341896
2026-06-26T00:00:00.000Z,0,0.02686533611267805
2026-06-20T00:00:00.000Z,0,0.03281731142972907
2026-06-21T00:00:00.000Z,0,0.029872070532292128
2026-06-27T00:00:00.000Z,0,0.02557171043008566
2026-06-23T00:00:00.000Z,0,0.02968952168400089
2026-06-24T00:00:00.000Z,0,0.0327574722468853
2026-06-25T00:00:00.000Z,0,0.030254132269571226
2025-09-25T00:00:00.000Z,0,0.032133754498014845
2025-09-27T00:00:00.000Z,0,0.03371818084269762
2025-09-23T00:00:00.000Z,0,0.033216749938825764
2025-09-24T00:00:00.000Z,0,0.03276468378802141
2025-09-21T00:00:00.000Z,0,0.029633538021395605
2025-09-22T00:00:00.000Z,0,0.026075410501410563
2025-09-28T00:00:00.000Z,0,0.033089279451153496
2025-09-26T00:00:00.000Z,0,0.03528205895175537
2025-09-30T00:00:00.000Z,0,
2025-10-01T00:00:00.000Z,0,0.033637767843902114
2025-10-02T00:00:00.000Z,0,0.03157443879172206
2025-10-06T00:00:00.000Z,0,0.03527208852271239
2025-10-04T00:00:00.000Z,0,0.03175653672466675
2025-10-03T00:00:00.000Z,0,0.03408553637564182
2025-10-05T00:00:00.000Z,0,
2025-09-29T00:00:00.000Z,0,0.03342524865134196
2025-11-06T00:00:00.000Z,0,0.01926699373871088
2025-11-03T00:00:00.000Z,0,
2025-11-05T00:00:00.000Z,0,
2025-11-02T00:00:00.000Z,0,0.02879739444081982
2025-11-04T00:00:00.000Z,0,0.028861524330245122
2025-11-07T00:00:00.000Z,0,
2026-01-03T00:00:00.000Z,0,0.027040186710655688
2026-01-04T00:00:00.000Z,0,0.028907121003915865
2026-01-06T00:00:00.000Z,0,0.02798941545188427
2026-01-10T00:00:00.000Z,0,0.024695122614502907
2026-01-07T00:00:00.000Z,0,
2026-01-08T00:00:00.000Z,0,0.027123338387658198
2026-01-05T00:00:00.000Z,0,0.025907719135284425
2026-01-09T00:00:00.000Z,0,0.031428811699151994
2026-02-14T00:00:00.000Z,0,0.03198208582277099
2026-02-13T00:00:00.000Z,0,
2026-02-16T00:00:00.000Z,0,0.028858141973614693
2026-02-19T00:00:00.000Z,0,0.025780667804858902
2026-02-18T00:00:00.000Z,0,0.027609286829829216
2026-02-15T00:00:00.000Z,0,0.028537972830235958
2026-02-12T00:00:00.000Z,0,
2026-02-17T00:00:00.000Z,0,0.02671639434993267
2025-10-27T00:00:00.000Z,0,
2025-10-23T00:00:00.000Z,0,
2025-10-29T00:00:00.000Z,0,
2025-10-26T00:00:00.000Z,0,0.032733578234910965
2025-10-28T00:00:00.000Z,0,
2025-10-30T00:00:00.000Z,0,0.025700629604133694
2025-10-25T00:00:00.000Z,0,0.030629005283117294
2025-10-24T00:00:00.000Z,0,
2026-05-02T00:00:00.000Z,0,0.024291244335472584
2026-04-26T00:00:00.000Z,0,0.02743460889905691
2026-04-25T00:00:00.000Z,0,0.026603706491490204
2026-05-01T00:00:00.000Z,0,0.024867390127231676
2026-04-27T00:00:00.000Z,0,0.025690311565995216
2026-04-29T00:00:00.000Z,0,0.027736902392158907
2026-04-30T00:00:00.000Z,0,
2026-04-28T00:00:00.000Z,0,
2026-05-08T00:00:00.000Z,0,
2026-05-06T00:00:00.000Z,0,0.023823619975397985
2026-05-10T00:00:00.000Z,0,0.03059070386613409
2026-05-03T00:00:00.000Z,0,0.025686169508844614
2026-05-07T00:00:00.000Z,0,0.027399518061429262
2026-05-09T00:00:00.000Z,0,
2026-05-04T00:00:00.000Z,0,0.0268066447849075
2026-05-05T00:00:00.000Z,0,0.028706527935961883
2026-07-31T00:00:00.000Z,0,0.032989357598125935
2026-08-01T00:00:00.000Z,0,0.03666817024350166
2026-08-06T00:00:00.000Z,0,0.0292506890061001
2026-07-30T00:00:00.000Z,0,0.036457394334402954
2026-08-04T00:00:00.000Z,0,0.03669891941050688
2026-08-05T00:00:00.000Z,0,0.028469322870175045
2026-08-02T00:00:00.000Z,0,0.037120879317323364
2026-08-03T00:00:00.000Z,0,0.03632664090643326
2026-08-10T00:00:00.000Z,0,0.029181114708383877
2026-08-07T00:00:00.000Z,0,0.030986206073846136
2026-08-09T00:00:00.000Z,0,0.031565767557670675
2026-08-08T00:00:00.000Z,0,0.03132292783508698
2026-08-13T00:00:00.000Z,0,0.033637026945749916
2026-08-12T00:00:00.000Z,0,0.0346596147865057
2026-08-11T00:00:00.000Z,0,0.03053086654593547
2026-08-14T00:00:00.000Z,0,0.03724114007006089
2026-01-01T00:00:00.000Z,0,0.02638212963938713
2025-12-29T00:00:00.000Z,0,0.024494410802920658
2026-01-02T00:00:00.000Z,0,0.025445807725191116
2025-12-28T00:00:00.000Z,0,0.024193037766963243
2025-12-30T00:00:00.000Z,0,
2025-12-31T00:00:00.000Z,0,
2025-12-26T00:00:00.000Z,0,0.0250533539801836
2025-12-27T00:00:00.000Z,0,
2026-01-17T00:00:00.000Z,0,
2026-01-15T00:00:00.000Z,0,
2026-01-11T00:00:00.000Z,0,
2026-01-14T00:00:00.000Z,0,0.02630944438278675
2026-01-13T00:00:00.000Z,0,0.028519186783920635
2026-01-16T00:00:00.000Z,0,0.027645212411880494
2026-01-18T00:00:00.000Z,0,0.026237644255161285
2026-01-12T00:00:00.000Z,0,0.02856339793652296
2025-10-11T00:00:00.000Z,0,0.03019987093284726
2025-10-12T00:00:00.000Z,0,0.028549717040732503
2025-10-14T00:00:00.000Z,0,0.025342459604144097
2025-10-09T00:00:00.000Z,0,0.036633554846048355
2025-10-13T00:00:00.000Z,0,0.027293769021828968
2025-10-10T00:00:00.000Z,0,0.03358410423000654
2025-10-07T00:00:00.000Z,0,0.041321828961372375
2025-10-08T00:00:00.000Z,0,0.03297764000793298
2026-02-04T00:00:00.000Z,0,0.027566331283499796
2026-02-05T00:00:00.000Z,0,0.03197870496660471
2026-02-11T00:00:00.000Z,0,
2026-02-06T00:00:00.000Z,0,0.03458804581314325
2026-02-09T00:00:00.000Z,0,
2026-02-07T00:00:00.000Z,0,
2026-02-08T00:00:00.000Z,0,0.030003405176103115
2026-02-10T00:00:00.000Z,0,
2025-11-10T00:00:00.000Z,0,0.028970534913241863
2025-11-14T00:00:00.000Z,0,
2025-11-12T00:00:00.000Z,0,0.028599268291145563
2025-11-08T00:00:00.000Z,0,
2025-11-09T00:00:00.000Z,0,
2025-11-13T00:00:00.000Z,0,0.031210805156401226
2025-11-11T00:00:00.000Z,0,0.026145793290601835
2025-11-15T00:00:00.000Z,0,0.02535187266767025
2025-12-04T00:00:00.000Z,0,0.03295467048883438
2025-12-05T00:00:00.000Z,0,
2025-12-02T00:00:00.000Z,0,0.0297421810682863
2025-12-06T00:00:00.000Z,0,
2025-12-09T00:00:00.000Z,0,
2025-12-08T00:00:00.000Z,0,
2025-12-03T00:00:00.000Z,0,
2025-12-07T00:00:00.000Z,0,0.030664356797933577
2026-03-19T00:00:00.000Z,0,0.024517016993327576
2026-03-16T00:00:00.000Z,0,0.028763437643647194
2026-03-21T00:00:00.000Z,0,0.025478449517062733
2026-03-22T00:00:00.000Z,0,
2026-03-23T00:00:00.000Z,0,0.025405143077174824
2026-03-20T00:00:00.000Z,0,
2026-03-17T00:00:00.000Z,0,0.02781481621786952
2026-03-18T00:00:00.000Z,0,0.027915838950624067
2026-02-25T00:00:00.000Z,0,
2026-02-23T00:00:00.000Z,0,
2026-02-24T00:00:00.000Z,0,
2026-02-26T00:00:00.000Z,0,
2026-02-22T00:00:00.000Z,0,
2026-02-21T00:00:00.000Z,0,
2026-02-20T00:00:00.000Z,0,0.02698221243917942
2026-02-27T00:00:00.000Z,0,
2026-04-16T00:00:00.000Z,0,0.02844589576125145
2026-04-13T00:00:00.000Z,0,0.027547022327780724
2026-04-15T00:00:00.000Z,0,0.025921395358939964
2026-04-12T00:00:00.000Z,0,
2026-04-10T00:00:00.000Z,0,0.03227995129095183
2026-04-11T00:00:00.000Z,0,
2026-04-09T00:00:00.000Z,0,
2026-04-14T00:00:00.000Z,0,0.026350945001468062
2026-03-26T00:00:00.000Z,0,0.0273556863623006
2026-03-30T00:00:00.000Z,0,0.02570430530856053
2026-03-24T00:00:00.000Z,0,0.025114686228334904
2026-03-31T00:00:00.000Z,0,
2026-03-28T00:00:00.000Z,0,0.028810005635023117
2026-03-27T00:00:00.000Z,0,0.02943087707866322
2026-03-25T00:00:00.000Z,0,0.02928720647469163
2026-03-29T00:00:00.000Z,0,0.030717582752307255
2026-05-15T00:00:00.000Z,0,0.027835734964658815
2026-05-17T00:00:00.000Z,0,0.027283735307199613
2026-05-11T00:00:00.000Z,0,0.0267051054785649
2026-05-16T00:00:00.000Z,0,0.029755182719479006
2026-05-18T00:00:00.000Z,0,0.024222254442671936
2026-05-12T00:00:00.000Z,0,0.027871513908559627
2026-05-14T00:00:00.000Z,0,0.026403168423308268
2026-05-13T00:00:00.000Z,0,0.026348599543174107
2026-07-21T00:00:00.000Z,0,0.03469855027894179
2026-07-15T00:00:00.000Z,0,0.028433070828517277
2026-07-20T00:00:00.000Z,0,0.030188168709476788
2026-07-17T00:00:00.000Z,0,0.03415070008486509
2026-07-16T00:00:00.000Z,0,0.03328343636045853
2026-07-14T00:00:00.000Z,0,0.03287144067386786
2026-07-19T00:00:00.000Z,0,0.029917458693186443
2026-07-18T00:00:00.000Z,0,0.03022771856437127
2026-07-28T00:00:00.000Z,0,0.03074320638552308
2026-07-24T00:00:00.000Z,0,0.02855475867787997
2026-07-25T00:00:00.000Z,0,0.02794416155666113
2026-07-26T00:00:00.000Z,0,0.03101938699061672
2026-07-22T00:00:00.000Z,0,0.02923685498535633
2026-07-29T00:00:00.000Z,0,0.032342579215765
2026-07-23T00:00:00.000Z,0,0.030995033173398537
2026-07-27T00:00:00.000Z,0,0.03444753090540568
2025-11-20T00:00:00.000Z,0,
2025-11-19T00:00:00.000Z,0,
2025-11-17T00:00:00.000Z,0,
2025-11-22T00:00:00.000Z,0,
2025-11-23T00:00:00.000Z,0,0.030028691980987787
2025-11-18T00:00:00.000Z,0,
2025-11-21T00:00:00.000Z,0,
2025-11-16T00:00:00.000Z,0,
2026-02-03T00:00:00.000Z,0,0.029633978381752968
2026-02-01T00:00:00.000Z,0,
2026-01-31T00:00:00.000Z,0,0.03147272486239672
2026-01-28T00:00:00.000Z,0,
2026-01-29T00:00:00.000Z,0,0.03259745333343744
2026-02-02T00:00:00.000Z,0,
2026-01-27T00:00:00.000Z,0,0.03198143948490421
2026-01-30T00:00:00.000Z,0,0.027889391407370567
2026-04-21T00:00:00.000Z,0,0.027687051488707464
2026-04-20T00:00:00.000Z,0,0.02825539295251171
2026-04-19T00:00:00.000Z,0,0.027671971104361794
2026-04-22T00:00:00.000Z,0,
2026-04-18T00:00:00.000Z,0,0.024732594999174278
2026-04-17T00:00:00.000Z,0,0.02691291629647215
2026-04-24T00:00:00.000Z,0,0.02870300163825353
2026-04-23T00:00:00.000Z,0,0.028188682316492002
