date,feature_index,SO2
2025-09-03T00:00:00.000Z,0,9.93469075183384e-05
2025-09-04T00:00:00.000Z,0,0.0002071169715236465
2025-09-02T00:00:00.000Z,0,-1.4200724422153144e-05
2025-08-30T00:00:00.000Z,0,
2025-08-31T00:00:00.000Z,0,-4.377235654828837e-05
2025-09-01T00:00:00.000Z,0,0.0005688689573920177
2025-09-20T00:00:00.000Z,0,
2025-09-16T00:00:00.000Z,0,
2025-09-18T00:00:00.000Z,0,
2025-09-15T00:00:00.000Z,0,9.654811020591106e-06
2025-09-14T00:00:00.000Z,0,0.00010687493590921804
2025-09-19T00:00:00.000Z,0,-5.448518015782611e-05
2025-09-13T00:00:00.000Z,0,0.000157930370410971
2025-09-17T00:00:00.000Z,0,2.7708104343301706e-05
2025-09-30T00:00:00.000Z,0,
2025-10-01T00:00:00.000Z,0,-9.373854845762251e-05
2025-10-02T00:00:00.000Z,0,-5.342085536209528e-05
2025-10-06T00:00:00.000Z,0,9.977276749850716e-05
2025-10-04T00:00:00.000Z,0,0.00011830790238794482
2025-10-03T00:00:00.000Z,0,-7.777562359478907e-05
2025-10-05T00:00:00.000Z,0,-9.913824002675636e-05
2025-09-29T00:00:00.000Z,0,5.204301169214887e-05
2025-10-18T00:00:00.000Z,0,-0.00010330517155428728
2025-10-19T00:00:00.000Z,0,-9.664468886209456e-06
2025-10-22T00:00:00.000Z,0,
2025-10-16T00:00:00.000Z,0,0.0001967279219267463
2025-10-20T00:00:00.000Z,0,-0.00012460003836167743
2025-10-15T00:00:00.000Z,0,4.241889049202049e-05
2025-10-21T00:00:00.000Z,0,-6.906931230332702e-05
2025-10-17T00:00:00.000Z,0,7.024268264406904e-05
2025-11-06T00:00:00.000Z,0,-9.15262135094963e-05
2025-11-03T00:00:00.000Z,0,
2025-11-05T00:00:00.000Z,0,
2025-10-31T00:00:00.000Z,0,-5.543363901476065e-05
2025-11-02T00:00:00.000Z,0,
2025-11-04T00:00:00.000Z,0,
2025-11-07T00:00:00.000Z,0,
2025-11-01T00:00:00.000Z,0,-0.0001369430246995762
2025-11-20T00:00:00.000Z,0,
2025-11-19T00:00:00.000Z,0,-0.0010293289960827
2025-11-17T00:00:00.000Z,0,-1.78987902472727e-05
2025-11-22T00:00:00.000Z,0,3.567906787793618e-05
2025-11-23T00:00:00.000Z,0,
2025-11-18T00:00:00.000Z,0,-0.00013010633119847623
2025-11-21T00:00:00.000Z,0,
2025-11-16T00:00:00.000Z,0,
2025-12-15T00:00:00.000Z,0,-0.00010144748011953196
2025-12-10T00:00:00.000Z,0,0.000188015001185704
2025-12-16T00:00:00.000Z,0,-9.75266706518596e-05
2025-12-17T00:00:00.000Z,0,5.051084347466409e-05
2025-12-12T00:00:00.000Z,0,-9.662523818102878e-06
2025-12-13T00:00:00.000Z,0,8.830580536596244e-05
2025-12-11T00:00:00.000Z,0,
2025-12-14T00:00:00.000Z,0,
2026-02-25T00:00:00.000Z,0,-7.804342749295756e-05
2026-02-23T00:00:00.000Z,0,
2026-02-24T00:00:00.000Z,0,
2026-02-26T00:00:00.000Z,0,-0.0002077394223306328
2026-02-22T00:00:00.000Z,0,
2026-02-21T00:00:00.000Z,0,
2026-02-20T00:00:00.000Z,0,-2.737776594585739e-05
2026-02-27T00:00:00.000Z,0,0.000110677300426687
2026-03-19T00:00:00.000Z,0,-2.365221792966953e-05
2026-03-16T00:00:00.000Z,0,2.876025852553236e-05
2026-03-21T00:00:00.000Z,0,3.0242536922742147e-05
2026-03-22T00:00:00.000Z,0,2.585023412393639e-05
2026-03-23T00:00:00.000Z,0,-3.4934136976971786e-05
2026-03-20T00:00:00.000Z,0,0.00013225441216491163
2026-03-17T00:00:00.000Z,0,-1.6902811391143285e-05
2026-03-18T00:00:00.000Z,0,4.889035911522418e-05
2026-04-16T00:00:00.000Z,0,0.00012883158099915212
2026-04-13T00:00:00.000Z,0,3.196320031406685e-05
2026-04-15T00:00:00.000Z,0,-1.480039160621042e-05
2026-04-12T00:00:00.000Z,0,-0.00017681020350816348
2026-04-10T00:00:00.000Z,0,-1.97874142031651e-05
2026-04-11T00:00:00.000Z,0,-3.083280231900668e-05
2026-04-09T00:00:00.000Z,0,
2026-04-14T00:00:00.000Z,0,5.656816065311432e-05
2026-05-21T00:00:00.000Z,0,1.6307676901305967e-05
2026-05-19T00:00:00.000Z,0,0.0002606252504241032
2026-05-23T00:00:00.000Z,0,-3.40099235472735e-05
2026-05-25T00:00:00.000Z,0,
2026-05-26T00:00:00.000Z,0,2.44999485706406e-05
2026-05-20T00:00:00.000Z,0,2.7238916610864788e-05
2026-05-22T00:00:00.000Z,0,-1.6826082325375562e-05
2026-05-24T00:00:00.000Z,0,-5.361089885506469e-06
2026-07-09T00:00:00.000Z,0,-0.0001252044965743456
2026-07-10T00:00:00.000Z,0,-0.0001342421932051252
2026-07-07T00:00:00.000Z,0,9.69206501560455e-07
2026-07-08T00:00:00.000Z,0,-4.187248608407875e-05
2026-07-11T00:00:00.000Z,0,-9.344005229650064e-05
2026-07-13T00:00:00.000Z,0,0.0001301980737480335
2026-07-06T00:00:00.000Z,0,
2026-07-12T00:00:00.000Z,0,2.411153157784914e-05
2026-01-01T00:00:00.000Z,0,
2025-12-29T00:00:00.000Z,0,6.643867728102619e-05
2026-01-02T00:00:00.000Z,0,-3.278922105726617e-05
2025-12-28T00:00:00.000Z,0,-1.0339928849134594e-06
2025-12-30T00:00:00.000Z,0,-6.770585090028665e-05
2025-12-31T00:00:00.000Z,0,
2025-12-26T00:00:00.000Z,0,8.16105251336315e-05
2025-12-27T00:00:00.000Z,0,
2026-04-21T00:00:00.000Z,0,0.00020067499068924613
2026-04-20T00:00:00.000Z,0,2.366550688748248e-07
2026-04-19T00:00:00.000Z,0,4.468551326551408e-05
2026-04-22T00:00:00.000Z,0,
2026-04-18T00:00:00.000Z,0,3.371888904742567e-05
2026-04-17T00:00:00.000Z,0,0.00010192621857640916
2026-04-24T00:00:00.000Z,0,0.00010556382744653092
2026-04-23T00:00:00.000Z,0,3.216748882550746e-05
2026-05-11T00:00:00.000Z,0,0.00012785209666314282
2026-05-12T00:00:00.000Z,0,0.00013584987690743824
2026-06-06T00:00:00.000Z,0,-0.00013571649409035066
2026-06-11T00:00:00.000Z,0,-7.018337297874193e-05
2026-06-05T00:00:00.000Z,0,3.949512362548072e-05
2026-06-07T00:00:00.000Z,0,-7.779480862761071e-06
2026-06-10T00:00:00.000Z,0,0.00016713800050638383
2026-06-09T00:00:00.000Z,0,2.85040914604906e-05
2026-06-08T00:00:00.000Z,0,0.0003393323289249868
2026-06-04T00:00:00.000Z,0,4.377332152216695e-05
2026-08-10T00:00:00.000Z,0,3.8049844382233765e-05
2026-08-07T00:00:00.000Z,0,0.0006568734864534539
2026-08-09T00:00:00.000Z,0,0.00041965423982522526
2026-08-08T00:00:00.000Z,0,0.00017329783804598264
2026-08-13T00:00:00.000Z,0,-1.575958534279683e-05
2026-08-12T00:00:00.000Z,0,0.00010355401900596917
2026-08-11T00:00:00.000Z,0,-4.627096859621816e-05
2026-08-14T00:00:00.000Z,0,-4.483121483644936e-06
2026-01-23T00:00:00.000Z,0,
2026-01-25T00:00:00.000Z,0,
2026-01-19T00:00:00.000Z,0,1.109308703400364e-05
2026-01-21T00:00:00.000Z,0,
2026-01-22T00:00:00.000Z,0,
2026-01-26T00:00:00.000Z,0,2.9770858028704037e-05
2026-01-20T00:00:00.000Z,0,
2026-01-24T00:00:00.000Z,0,0.0003513600386213511
2026-05-02T00:00:00.000Z,0,0.00021792871683084576
2026-04-26T00:00:00.000Z,0,8.301655662042624e-05
2026-04-25T00:00:00.000Z,0,4.817500932100908e-06
2026-05-01T00:00:00.000Z,0,9.856823925247228e-05
2026-04-27T00:00:00.000Z,0,1.1062272783925033e-05
2026-04-29T00:00:00.000Z,0,-7.843704265218953e-05
2026-04-30T00:00:00.000Z,0,1.705980503174942e-05
2026-04-28T00:00:00.000Z,0,0.00010504412585987666
2026-06-13T00:00:00.000Z,0,7.439359483214502e-05
2026-06-16T00:00:00.000Z,0,0.00017021822683697488
2026-06-15T00:00:00.000Z,0,0.0002900352716096677
2026-06-19T00:00:00.000Z,0,0.0004038432919818054
2026-06-18T00:00:00.000Z,0,8.079199491817235e-05
2026-06-14T00:00:00.000Z,0,0.00015288183870628322
2026-06-17T00:00:00.000Z,0,-1.3606665258218225e-06
2026-06-12T00:00:00.000Z,0,
2026-08-16T00:00:00.000Z,0,-0.00012161874698790598
2026-08-21T00:00:00.000Z,0,0.0001679416248710671
2026-08-18T00:00:00.000Z,0,0.00012973112643521745
2026-08-15T00:00:00.000Z,0,-7.553422983619384e-05
2026-08-19T00:00:00.000Z,0,0.00010872295944055724
2026-08-22T00:00:00.000Z,0,0.0001351193959635566
2026-08-17T00:00:00.000Z,0,4.195097183886295e-05
2026-08-20T00:00:00.000Z,0,0.000151964009009217
2025-12-19T00:00:00.000Z,0,
2025-12-23T00:00:00.000Z,0,-8.79867329786066e-05
2025-12-18T00:00:00.000Z,0,4.3223135435255244e-06
2025-12-25T00:00:00.000Z,0,-1.6554661669943016e-05
2025-12-21T00:00:00.000Z,0,
2025-12-24T00:00:00.000Z,0,4.126926012304466e-05
2025-12-20T00:00:00.000Z,0,-0.00014379460844793357
2025-12-22T00:00:00.000Z,0,4.366116839567743e-05
2026-01-17T00:00:00.000Z,0,
2026-01-15T00:00:00.000Z,0,
2026-01-11T00:00:00.000Z,0,
2026-01-14T00:00:00.000Z,0,-8.883514237822965e-05
2026-01-13T00:00:00.000Z,0,-4.3097959178339806e-05
2026-01-16T00:00:00.000Z,0,-1.51444022776559e-05
2026-01-18T00:00:00.000Z,0,
2026-01-12T00:00:00.000Z,0,0.00011154614589435772
2026-02-04T00:00:00.000Z,0,-5.80693540541688e-07
2026-02-05T00:00:00.000Z,0,5.410951416706667e-07
2026-02-11T00:00:00.000Z,0,-2.6472111130715348e-05
2026-02-06T00:00:00.000Z,0,3.444885598063203e-05
2026-02-09T00:00:00.000Z,0,
2026-02-07T00:00:00.000Z,0,
2026-02-08T00:00:00.000Z,0,-3.592103166738525e-05
2026-02-10T00:00:00.000Z,0,
2026-03-03T00:00:00.000Z,0,3.7296197115210815e-05
2026-03-05T00:00:00.000Z,0,
2026-03-06T00:00:00.000Z,0,
2026-03-02T00:00:00.000Z,0,
2026-03-01T00:00:00.000Z,0,-6.858315828139894e-06
2026-03-04T00:00:00.000Z,0,3.559972967857241e-05
2026-02-28T00:00:00.000Z,0,-0.00036110703949816526
2026-03-07T00:00:00.000Z,0,
2026-03-26T00:00:00.000Z,0,
2026-03-30T00:00:00.000Z,0,7.325533260882366e-05
2026-03-24T00:00:00.000Z,0,
2026-03-31T00:00:00.000Z,0,
2026-03-28T00:00:00.000Z,0,0.0001386701042065397
2026-03-27T00:00:00.000Z,0,
2026-03-25T00:00:00.000Z,0,2.7939205817043938e-05
2026-03-29T00:00:00.000Z,0,1.0523991098428572e-05
2026-05-15T00:00:00.000Z,0,9.717024901571374e-05
2026-05-17T00:00:00.000Z,0,5.46284486517834e-05
2026-05-16T00:00:00.000Z,0,0.0001049939888616791
2026-05-18T00:00:00.000Z,0,3.4301247400104664e-05
2026-05-14T00:00:00.000Z,0,0.00023686954500590216
2026-05-13T00:00:00.000Z,0,9.837039154566204e-05
2026-07-02T00:00:00.000Z,0,-1.9542493343275662e-05
2026-07-04T00:00:00.000Z,0,1.4101869358758751e-05
2026-07-03T00:00:00.000Z,0,0.0001436163486990457
2026-07-01T00:00:00.000Z,0,0.00023354064855993784
2026-06-29T00:00:00.000Z,0,4.149066414053474e-05
2026-06-30T00:00:00.000Z,0,0.00027248084340196027
2026-07-05T00:00:00.000Z,0,6.19172945638032e-05
2026-06-28T00:00:00.000Z,0,0.0001009881531596572
2025-09-08T00:00:00.000Z,0,-6.28813441683936e-05
2025-09-10T00:00:00.000Z,0,4.250311794748995e-05
2025-09-12T00:00:00.000Z,0,-4.49683575425297e-05
2025-09-11T00:00:00.000Z,0,
2025-09-06T00:00:00.000Z,0,9.69322096959028e-05
2025-09-07T00:00:00.000Z,0,6.812177889514714e-06
2025-09-09T00:00:00.000Z,0,2.66017183700266e-05
2025-09-05T00:00:00.000Z,0,-1.6053356830525445e-05
2025-09-25T00:00:00.000Z,0,0.0001832757650580182
2025-09-27T00:00:00.000Z,0,0.0001322532612407072
2025-09-23T00:00:00.000Z,0,4.699211179589232e-05
2025-09-24T00:00:00.000Z,0,8.11460592255268e-05
2025-09-21T00:00:00.000Z,0,6.393350155452605e-05
2025-09-22T00:00:00.000Z,0,3.625457535842239e-05
2025-09-28T00:00:00.000Z,0,4.241525753708889e-05
2025-09-26T00:00:00.000Z,0,-0.00010062471339248684
2025-10-11T00:00:00.000Z,0,-6.181543101940241e-05
2025-10-12T00:00:00.000Z,0,-6.751536420779303e-05
2025-10-14T00:00:00.000Z,0,-5.886625440325588e-05
2025-10-09T00:00:00.000Z,0,-9.170123000027768e-05
2025-10-13T00:00:00.000Z,0,-5.65560410243713e-05
2025-10-10T00:00:00.000Z,0,8.833286785166668e-05
2025-10-07T00:00:00.000Z,0,-0.0002305461869885524
2025-10-08T00:00:00.000Z,0,-5.467380142363254e-05
2025-10-27T00:00:00.000Z,0,
2025-10-23T00:00:00.000Z,0,1.8435401580063625e-05
2025-10-29T00:00:00.000Z,0,
2025-10-26T00:00:00.000Z,0,0.00014351954068843044
2025-10-28T00:00:00.000Z,0,
2025-10-30T00:00:00.000Z,0,1.136957453127252e-05
2025-10-25T00:00:00.000Z,0,-9.091845276998356e-05
2025-10-24T00:00:00.000Z,0,-0.0002598324470454827
2025-11-10T00:00:00.000Z,0,4.848050730288378e-05
2025-11-14T00:00:00.000Z,0,
2025-11-12T00:00:00.000Z,0,1.6867547674337403e-05
2025-11-08T00:00:00.000Z,0,
2025-11-09T00:00:00.000Z,0,
2025-11-13T00:00:00.000Z,0,
2025-11-11T00:00:00.000Z,0,-3.131874195787532e-05
2025-11-15T00:00:00.000Z,0,
2025-12-04T00:00:00.000Z,0,
2025-12-05T00:00:00.000Z,0,
2025-12-02T00:00:00.000Z,0,
2025-12-06T00:00:00.000Z,0,
2025-12-09T00:00:00.000Z,0,
2025-12-08T00:00:00.000Z,0,2.9273565587573103e-05
2025-12-03T00:00:00.000Z,0,-3.6908243419020434e-05
2025-12-07T00:00:00.000Z,0,-4.902475179083662e-05
2026-01-03T00:00:00.000Z,0,
2026-01-04T00:00:00.000Z,0,3.0795502728627376e-05
2026-01-06T00:00:00.000Z,0,0.00011550941326277098
2026-01-10T00:00:00.000Z,0,7.127117182140605e-05
2026-01-07T00:00:00.000Z,0,9.03256659512408e-06
2026-01-08T00:00:00.000Z,0,5.173984175144142e-05
2026-01-05T00:00:00.000Z,0,
2026-01-09T00:00:00.000Z,0,-0.00012995057636544516
2026-02-03T00:00:00.000Z,0,7.960677122685989e-05
2026-02-01T00:00:00.000Z,0,
2026-01-31T00:00:00.000Z,0,3.4359273361891006e-05
2026-01-28T00:00:00.000Z,0,
2026-01-29T00:00:00.000Z,0,1.7770873455447145e-05
2026-02-02T00:00:00.000Z,0,
2026-01-27T00:00:00.000Z,0,
2026-01-30T00:00:00.000Z,0,2.6623438278268925e-05
2026-02-14T00:00:00.000Z,0,6.013630504639877e-05
2026-02-13T00:00:00.000Z,0,
2026-02-16T00:00:00.000Z,0,-3.817419443900386e-05
2026-02-19T00:00:00.000Z,0,4.996714415028691e-05
2026-02-18T00:00:00.000Z,0,
2026-02-15T00:00:00.000Z,0,0.00018619657459401589
2026-02-12T00:00:00.000Z,0,
2026-02-17T00:00:00.000Z,0,-6.043392058927566e-05
2026-03-08T00:00:00.000Z,0,
2026-03-09T00:00:00.000Z,0,-4.133748461754294e-06
2026-03-12T00:00:00.000Z,0,1.740995404278775e-05
2026-03-10T00:00:00.000Z,0,8.426281738138641e-05
2026-03-13T00:00:00.000Z,0,1.352079611933732e-05
2026-03-15T00:00:00.000Z,0,1.6693923322980648e-05
2026-03-11T00:00:00.000Z,0,8.930029343900969e-05
2026-03-14T00:00:00.000Z,0,-1.4615619420510484e-05
2026-04-06T00:00:00.000Z,0,1.5808330772415502e-05
2026-04-02T00:00:00.000Z,0,
2026-04-05T00:00:00.000Z,0,0.0002666693453647895
2026-04-04T00:00:00.000Z,0,0.00013136455337795874
2026-04-08T00:00:00.000Z,0,-8.793373247802568e-05
2026-04-01T00:00:00.000Z,0,-3.350601211119889e-05
2026-04-03T00:00:00.000Z,0,3.541288424457889e-05
2026-04-07T00:00:00.000Z,0,0.00011860131884792022
2026-05-08T00:00:00.000Z,0,-0.00013830508820925994
2026-05-06T00:00:00.000Z,0,7.504678978875745e-05
2026-05-10T00:00:00.000Z,0,0.00010205504743983812
2026-05-03T00:00:00.000Z,0,1.5178695725302936e-05
2026-05-07T00:00:00.000Z,0,-3.508423539718327e-05
2026-05-09T00:00:00.000Z,0,-2.5658143689118635e-05
2026-05-04T00:00:00.000Z,0,-5.489176085878474e-05
2026-05-05T00:00:00.000Z,0,
2026-06-03T00:00:00.000Z,0,-5.568732095443093e-05
2026-05-29T00:00:00.000Z,0,-1.0541989543829308e-05
2026-06-02T00:00:00.000Z,0,-1.702942593813835e-05
2026-06-01T00:00:00.000Z,0,8.070244310450411e-06
2026-05-30T00:00:00.000Z,0,0.00029171461355872454
2026-05-28T00:00:00.000Z,0,-7.916689193936893e-05
2026-05-27T00:00:00.000Z,0,1.9181440687058664e-05
2026-05-31T00:00:00.000Z,0,0.00012690983021457214
2026-06-22T00:00:00.000Z,0,1.1286992048553657e-05
2026-06-26T00:00:00.000Z,0,1.2524684962045283e-05
2026-06-20T00:00:00.000Z,0,5.41591753820588e-05
2026-06-21T00:00:00.000Z,0,0.00015062319206056904
2026-06-27T00:00:00.000Z,0,-3.826153286874095e-05
2026-06-23T00:00:00.000Z,0,-3.127659419988049e-05
2026-06-24T00:00:00.000Z,0,0.00017374956746607495
2026-06-25T00:00:00.000Z,0,0.00010757531113499267
2026-07-21T00:00:00.000Z,0,8.183300500756256e-05
2026-07-15T00:00:00.000Z,0,-9.615516152431762e-05
2026-07-20T00:00:00.000Z,0,-1.1758316031773574e-05
2026-07-17T00:00:00.000Z,0,3.471909894869896e-05
2026-07-16T00:00:00.000Z,0,7.084307784073947e-05
2026-07-14T00:00:00.000Z,0,-7.306928110513884e-05
2026-07-19T00:00:00.000Z,0,-8.389486075347205e-05
2026-07-18T00:00:00.000Z,0,-8.453149651662291e-05
2026-08-28T00:00:00.000Z,0,0.00011238764091103803
2026-08-25T00:00:00.000Z,0,0.0002401359761279309
2026-08-27T00:00:00.000Z,0,-2.191849322722798e-05
2026-08-24T00:00:00.000Z,0,0.00017616179259979012
2026-08-29T00:00:00.000Z,0,-7.229126398063575e-05
2026-08-26T00:00:00.000Z,0,0.000181296536456185
2026-08-30T00:00:00.000Z,0,-2.680402751593647e-05
2026-08-23T00:00:00.000Z,0,3.1839319490245543e-05
2025-11-30T00:00:00.000Z,0,
2025-11-26T00:00:00.000Z,0,
2025-11-25T00:00:00.000Z,0,
2025-11-28T00:00:00.000Z,0,
2025-11-29T00:00:00.000Z,0,
2025-12-01T00:00:00.000Z,0,
2025-11-27T00:00:00.000Z,0,
2025-11-24T00:00:00.000Z,0,
2026-07-31T00:00:00.000Z,0,0.00010404283833527946
2026-08-01T00:00:00.000Z,0,0.0001374939317126215
2026-08-06T00:00:00.000Z,0,0.00011394166419146738
2026-07-30T00:00:00.000Z,0,5.6381906612538536e-05
2026-08-04T00:00:00.000Z,0,-5.035394699209266e-05
2026-08-05T00:00:00.000Z,0,9.03771078810678e-05
2026-08-02T00:00:00.000Z,0,-0.00015112015454279672
2026-08-03T00:00:00.000Z,0,-7.38178140719273e-05
2026-07-28T00:00:00.000Z,0,7.458824863230499e-06
2026-07-24T00:00:00.000Z,0,9.627132167224772e-05
2026-07-25T00:00:00.000Z,0,-2.053792862473832e-05
2026-07-26T00:00:00.000Z,0,0.0003927714678866323
2026-07-22T00:00:00.000Z,0,-5.116296354875279e-05
2026-07-29T00:00:00.000Z,0,2.167051898140926e-05
2026-07-23T00:00:00.000Z,0,-2.669452442205511e-05
2026-07-27T00:00:00.000Z,0,-7.458906596487698e-05
