date,NO2,SO2,CO
2025-08-30T00:00:00.000Z,1.91e-05,-4.38e-05,0.028624485
2025-08-31T00:00:00.000Z,1.91e-05,-4.38e-05,0.028624485
2025-09-01T00:00:00.000Z,3.7e-05,,0.029639054
2025-09-02T00:00:00.000Z,1.73e-05,-1.42e-05,0.026620715
2025-09-03T00:00:00.000Z,,9.93e-05,0.030720706
2025-09-04T00:00:00.000Z,1.28e-05,0.000207,0.02703701
2025-09-05T00:00:00.000Z,1.57e-05,-1.61e-05,0.03015601
2025-09-06T00:00:00.000Z,1.87e-05,9.69e-05,0.027693071
2025-09-07T00:00:00.000Z,3.4e-05,6.81e-06,0.02450105
2025-09-08T00:00:00.000Z,2.06e-05,-6.29e-05,0.021309028
2025-09-09T00:00:00.000Z,1.45e-05,2.66e-05,0.026713266
2025-09-10T00:00:00.000Z,1.74e-05,4.25e-05,0.027747043
2025-09-11T00:00:00.000Z,2.04e-05,-1.25e-06,0.028780819
2025-09-12T00:00:00.000Z,2.33e-05,-4.5e-05,0.026930572
2025-09-13T00:00:00.000Z,2.39e-05,0.000158,0.0311464
2025-09-14T00:00:00.000Z,1.72e-05,0.000107,0.026621982
2025-09-15T00:00:00.000Z,1.33e-05,9.65e-06,0.026197738
2025-09-16T00:00:00.000Z,2.04e-05,1.87e-05,0.030578798
2025-09-17T00:00:00.000Z,2.75e-05,2.77e-05,0.034959858
2025-09-18T00:00:00.000Z,1.96e-05,-1.34e-05,0.031629149
2025-09-19T00:00:00.000Z,1.17e-05,-5.45e-05,0.028298439
2025-09-20T00:00:00.000Z,2.32e-05,-1.61e-05,0.027528681
2025-09-21T00:00:00.000Z,1.98e-05,6.39e-05,0.029633538
2025-09-22T00:00:00.000Z,1.86e-05,3.63e-05,0.026075411
2025-09-23T00:00:00.000Z,3.47e-05,4.7e-05,0.03321675
2025-09-24T00:00:00.000Z,2.96e-05,8.11e-05,0.032764684
2025-09-25T00:00:00.000Z,2.51e-05,0.000183,0.032133754
2025-09-26T00:00:00.000Z,1.87e-05,-0.000101,0.035282059
2025-09-27T00:00:00.000Z,2.48e-05,0.000132,0.033718181
2025-09-28T00:00:00.000Z,3.5e-05,4.24e-05,0.033089279
2025-09-29T00:00:00.000Z,1.71e-05,5.2e-05,0.033425249
2025-09-30T00:00:00.000Z,1.76e-05,,
2025-10-01T00:00:00.000Z,,-9.37e-05,0.033637768
2025-10-02T00:00:00.000Z,1.69e-05,-5.34e-05,0.031574439
2025-10-03T00:00:00.000Z,2.34e-05,-7.78e-05,0.034085536
2025-10-04T00:00:00.000Z,2.53e-05,0.000118,0.031756537
2025-10-05T00:00:00.000Z,2.25e-05,-9.91e-05,
2025-10-06T00:00:00.000Z,2.12e-05,9.98e-05,0.035272089
2025-10-07T00:00:00.000Z,,,
2025-10-08T00:00:00.000Z,1.42e-05,-5.47e-05,0.03297764
2025-10-09T00:00:00.000Z,2.58e-05,-9.17e-05,0.036633555
2025-10-10T00:00:00.000Z,2.16e-05,8.83e-05,0.033584104
2025-10-11T00:00:00.000Z,2.62e-05,-6.18e-05,0.030199871
2025-10-12T00:00:00.000Z,,-6.75e-05,0.028549717
2025-10-13T00:00:00.000Z,1.66e-05,-5.66e-05,0.027293769
2025-10-14T00:00:00.000Z,2.89e-05,-5.89e-05,0.02534246
2025-10-15T00:00:00.000Z,2.9e-05,4.24e-05,0.032635507
2025-10-16T00:00:00.000Z,2.94e-05,0.000197,0.031619035
2025-10-17T00:00:00.000Z,2.14e-05,7.02e-05,0.030254024
2025-10-18T00:00:00.000Z,2.05e-05,-0.000103,0.034307625
2025-10-19T00:00:00.000Z,2.59e-05,-9.66e-06,0.03356288
2025-10-20T00:00:00.000Z,1.67e-05,-0.000125,0.03358935
2025-10-21T00:00:00.000Z,1.91e-05,-6.91e-05,0.035501895
2025-10-22T00:00:00.000Z,2.16e-05,,0.034283673
2025-10-23T00:00:00.000Z,2.4e-05,1.84e-05,0.03306545
2025-10-24T00:00:00.000Z,2.64e-05,,0.031847228
2025-10-25T00:00:00.000Z,2.94e-05,-9.09e-05,0.030629005
2025-10-26T00:00:00.000Z,2.54e-05,0.000144,0.032733578
2025-10-27T00:00:00.000Z,2.95e-05,,0.028763438
2025-10-28T00:00:00.000Z,,,
2025-10-29T00:00:00.000Z,2.85e-05,0.000105044,0.027915839
2025-10-30T00:00:00.000Z,2.5e-05,1.14e-05,0.02570063
2025-10-31T00:00:00.000Z,,-5.54e-05,0.027635544
2025-11-01T00:00:00.000Z,2.52e-05,-0.000137,
2025-11-02T00:00:00.000Z,,-7.78e-05,0.028797394
2025-11-03T00:00:00.000Z,2.54e-05,,0.028829459
2025-11-04T00:00:00.000Z,2.59e-05,0.000118308,0.028861524
2025-11-05T00:00:00.000Z,2.64e-05,,0.029390902
2025-11-06T00:00:00.000Z,2.56e-05,-9.15e-05,
2025-11-07T00:00:00.000Z,2.48e-05,,
2025-11-08T00:00:00.000Z,,,0.030979037
2025-11-09T00:00:00.000Z,,-3.51e-05,
2025-11-10T00:00:00.000Z,2.34e-05,4.85e-05,0.028970535
2025-11-11T00:00:00.000Z,1.45e-05,-3.13e-05,0.026145793
2025-11-12T00:00:00.000Z,2.64e-05,1.69e-05,0.028599268
2025-11-13T00:00:00.000Z,1.76e-05,-0.000138305,0.031210805
2025-11-14T00:00:00.000Z,1.77e-05,,
2025-11-15T00:00:00.000Z,1.79e-05,,0.025351873
2025-11-16T00:00:00.000Z,1.8e-05,,0.03724114
2025-11-17T00:00:00.000Z,2.57e-05,-1.79e-05,0.031565768
2025-11-18T00:00:00.000Z,3.34e-05,-0.00013,0.032083583
2025-11-19T00:00:00.000Z,4.11e-05,,0.032601398
2025-11-20T00:00:00.000Z,,-0.000138305,0.033119212
2025-11-21T00:00:00.000Z,2.09e-05,-0.000108204,0.033637027
2025-11-22T00:00:00.000Z,1.75e-05,3.57e-05,0.029181115
2025-11-23T00:00:00.000Z,1.33e-05,,0.030028692
2025-11-24T00:00:00.000Z,,,
2025-11-25T00:00:00.000Z,2.45e-05,0.000105674,
2025-11-26T00:00:00.000Z,2.43e-05,,0.024817565
2025-11-27T00:00:00.000Z,1.57e-05,,0.02302006
2025-11-28T00:00:00.000Z,1.73e-05,3.8e-05,
2025-11-29T00:00:00.000Z,,2.17e-05,0.029273675
2025-11-30T00:00:00.000Z,2.71e-05,,0.026237231
2025-12-01T00:00:00.000Z,1.28e-05,-1.58e-05,
2025-12-02T00:00:00.000Z,1.64e-05,0.000102055,0.029742181
2025-12-03T00:00:00.000Z,2.63e-05,-3.69e-05,0.031348426
2025-12-04T00:00:00.000Z,,,0.03295467
2025-12-05T00:00:00.000Z,2.21e-05,-2.57e-05,
2025-12-06T00:00:00.000Z,2e-05,,
2025-12-07T00:00:00.000Z,1.78e-05,-4.9e-05,0.030664357
2025-12-08T00:00:00.000Z,2.35e-05,2.93e-05,0.032579792
2025-12-09T00:00:00.000Z,2.12e-05,,0.03007031
2025-12-10T00:00:00.000Z,,0.000188,0.02430222
2025-12-11T00:00:00.000Z,,,
2025-12-12T00:00:00.000Z,1.43e-05,-9.66e-06,0.029667319
2025-12-13T00:00:00.000Z,2.15e-05,8.83e-05,0.03079401
2025-12-14T00:00:00.000Z,,,0.026580578
2025-12-15T00:00:00.000Z,1.33e-05,-0.000101,0.029673243
2025-12-16T00:00:00.000Z,1.59e-05,-9.75e-05,
2025-12-17T00:00:00.000Z,1.84e-05,5.05e-05,0.02477959
2025-12-18T00:00:00.000Z,2.22e-05,4.32e-06,0.027379253
2025-12-19T00:00:00.000Z,,,0.027029703
2025-12-20T00:00:00.000Z,,-0.000144,0.026680152
2025-12-21T00:00:00.000Z,,,
2025-12-22T00:00:00.000Z,2.36e-05,4.37e-05,0.0305348
2025-12-23T00:00:00.000Z,3.05e-05,-8.8e-05,0.028780819
2025-12-24T00:00:00.000Z,2.51e-05,4.13e-05,0.028466146
2025-12-25T00:00:00.000Z,1.95e-05,-1.66e-05,0.026787204
2025-12-26T00:00:00.000Z,3.08e-05,8.16e-05,0.025053354
2025-12-27T00:00:00.000Z,2.5e-05,,0.024291244
2025-12-28T00:00:00.000Z,1.91e-05,-1.03e-06,0.024193038
2025-12-29T00:00:00.000Z,3.23e-05,6.64e-05,0.024494411
2025-12-30T00:00:00.000Z,,-6.77e-05,
2025-12-31T00:00:00.000Z,2.9e-05,,
2026-01-01T00:00:00.000Z,,,0.02638213
2026-01-02T00:00:00.000Z,1.72e-05,-3.28e-05,0.025445808
2026-01-03T00:00:00.000Z,2.55e-05,,0.027040187
2026-01-04T00:00:00.000Z,2.91e-05,3.08e-05,0.028907121
2026-01-05T00:00:00.000Z,,,0.025907719
2026-01-06T00:00:00.000Z,1.99e-05,0.000116,0.027989415
2026-01-07T00:00:00.000Z,2.22e-05,9.03e-06,
2026-01-08T00:00:00.000Z,1.38e-05,5.17e-05,0.027123338
2026-01-09T00:00:00.000Z,,-0.00013,0.031428812
2026-01-10T00:00:00.000Z,,7.13e-05,0.024695123
2026-01-11T00:00:00.000Z,,,
2026-01-12T00:00:00.000Z,3.04e-05,0.000112,0.028563398
2026-01-13T00:00:00.000Z,2.25e-05,-4.31e-05,0.028519187
2026-01-14T00:00:00.000Z,1.74e-05,-8.88e-05,0.026309444
2026-01-15T00:00:00.000Z,2.06e-05,0.000186197,0.026806645
2026-01-16T00:00:00.000Z,1.87e-05,-1.51e-05,0.027645212
2026-01-17T00:00:00.000Z,1.87e-05,,0.02568617
2026-01-18T00:00:00.000Z,,,0.026237644
2026-01-19T00:00:00.000Z,2.7e-05,1.11e-05,0.032007611
2026-01-20T00:00:00.000Z,3.2e-05,,0.024125409
2026-01-21T00:00:00.000Z,3.7e-05,1.91e-05,
2026-01-22T00:00:00.000Z,,2.18e-05,
2026-01-23T00:00:00.000Z,2.11e-05,,
2026-01-24T00:00:00.000Z,,,0.028779648
2026-01-25T00:00:00.000Z,2.22e-05,,0.024815638
2026-01-26T00:00:00.000Z,2.27e-05,2.98e-05,0.028819213
2026-01-27T00:00:00.000Z,2.65e-05,,0.031981439
2026-01-28T00:00:00.000Z,3.02e-05,5.82e-05,0.032289446
2026-01-29T00:00:00.000Z,1.77e-05,1.78e-05,0.032597453
2026-01-30T00:00:00.000Z,1.92e-05,2.66e-05,0.027889391
2026-01-31T00:00:00.000Z,3.73e-05,3.44e-05,0.031472725
2026-02-01T00:00:00.000Z,,,
2026-02-02T00:00:00.000Z,,,
2026-02-03T00:00:00.000Z,2.48e-05,7.96e-05,0.029633978
2026-02-04T00:00:00.000Z,2.01e-05,-5.81e-07,0.027566331
2026-02-05T00:00:00.000Z,2.11e-05,5.41e-07,0.031978705
2026-02-06T00:00:00.000Z,1.11e-05,3.44e-05,0.034588046
2026-02-07T00:00:00.000Z,2.29e-05,,
2026-02-08T00:00:00.000Z,,-3.59e-05,0.030003405
2026-02-09T00:00:00.000Z,2.38e-05,,0.032685358
2026-02-10T00:00:00.000Z,2.23e-05,-6.86e-06,0.0265747
2026-02-11T00:00:00.000Z,2.25e-05,-2.65e-05,
2026-02-12T00:00:00.000Z,2.27e-05,,
2026-02-13T00:00:00.000Z,2.29e-05,,
2026-02-14T00:00:00.000Z,2.31e-05,6.01e-05,0.031982086
2026-02-15T00:00:00.000Z,1.14e-05,0.000186,0.028537973
2026-02-16T00:00:00.000Z,1.29e-05,-3.82e-05,0.028858142
2026-02-17T00:00:00.000Z,,-6.04e-05,0.026716394
2026-02-18T00:00:00.000Z,,,0.027609287
2026-02-19T00:00:00.000Z,1.74e-05,5e-05,0.025780668
2026-02-20T00:00:00.000Z,,-2.74e-05,0.026982212
2026-02-21T00:00:00.000Z,2.39e-05,,
2026-02-22T00:00:00.000Z,2.5e-05,,0.032757472
2026-02-23T00:00:00.000Z,,-9.09e-05,
2026-02-24T00:00:00.000Z,,-3.62e-05,0.031477116
2026-02-25T00:00:00.000Z,3.44e-05,-7.8e-05,0.032817311
2026-02-26T00:00:00.000Z,2.41e-05,-0.000208,0.029689522
2026-02-27T00:00:00.000Z,2.09e-05,0.000111,
2026-02-28T00:00:00.000Z,2.09e-05,,
2026-03-01T00:00:00.000Z,2.09e-05,-6.86e-06,
2026-03-02T00:00:00.000Z,,,
2026-03-03T00:00:00.000Z,1.51e-05,3.73e-05,0.026909865
2026-03-04T00:00:00.000Z,1.73e-05,3.56e-05,0.024126184
2026-03-05T00:00:00.000Z,2.29e-05,2.77e-05,0.027065348
2026-03-06T00:00:00.000Z,2.85e-05,,0.026713266
2026-03-07T00:00:00.000Z,,,
2026-03-08T00:00:00.000Z,,,0.028803661
2026-03-09T00:00:00.000Z,2.21e-05,-4.13e-06,0.033029648
2026-03-10T00:00:00.000Z,1.05e-05,8.43e-05,0.03087521
2026-03-11T00:00:00.000Z,1.61e-05,8.93e-05,0.027896236
2026-03-12T00:00:00.000Z,2.15e-05,1.74e-05,0.026452498
2026-03-13T00:00:00.000Z,2.29e-05,1.35e-05,0.026029012
2026-03-14T00:00:00.000Z,2.64e-05,-1.46e-05,0.026296349
2026-03-15T00:00:00.000Z,,1.67e-05,0.029760079
2026-03-16T00:00:00.000Z,,2.88e-05,0.028763438
2026-03-17T00:00:00.000Z,2.73e-05,-1.69e-05,0.027814816
2026-03-18T00:00:00.000Z,2.86e-05,4.89e-05,0.027915839
2026-03-19T00:00:00.000Z,1.01e-05,-2.37e-05,0.024517017
2026-03-20T00:00:00.000Z,1.29e-05,0.000132,
2026-03-21T00:00:00.000Z,1.56e-05,3.02e-05,0.02547845
2026-03-22T00:00:00.000Z,1.8e-05,2.59e-05,
2026-03-23T00:00:00.000Z,2.04e-05,-3.49e-05,0.025405143
2026-03-24T00:00:00.000Z,2.58e-05,,0.025114686
2026-03-25T00:00:00.000Z,,2.79e-05,0.029287206
2026-03-26T00:00:00.000Z,,,0.027355686
2026-03-27T00:00:00.000Z,,,0.029430877
2026-03-28T00:00:00.000Z,2.13e-05,0.000139,0.028810006
2026-03-29T00:00:00.000Z,3.11e-05,1.05e-05,0.030717583
2026-03-30T00:00:00.000Z,2.19e-05,7.33e-05,0.025704305
2026-03-31T00:00:00.000Z,2.76e-05,,
2026-04-01T00:00:00.000Z,1.22e-05,-3.35e-05,0.027268262
2026-04-02T00:00:00.000Z,,1.13e-05,0.029216154
2026-04-03T00:00:00.000Z,1.29e-05,3.54e-05,0.027810653
2026-04-04T00:00:00.000Z,2.39e-05,0.000131,0.026384071
2026-04-05T00:00:00.000Z,2.14e-05,0.000267,0.027638042
2026-04-06T00:00:00.000Z,2.27e-05,1.58e-05,0.029608744
2026-04-07T00:00:00.000Z,,0.000119,0.02880531
2026-04-08T00:00:00.000Z,,-8.79e-05,
2026-04-09T00:00:00.000Z,,,
2026-04-10T00:00:00.000Z,,-1.98e-05,0.032279951
2026-04-11T00:00:00.000Z,2.78e-05,-3.08e-05,0.033234961
2026-04-12T00:00:00.000Z,,-0.000177,
2026-04-13T00:00:00.000Z,2.38e-05,3.2e-05,0.027547022
2026-04-14T00:00:00.000Z,1.02e-05,5.66e-05,0.026350945
2026-04-15T00:00:00.000Z,1.97e-05,-1.48e-05,0.025921395
2026-04-16T00:00:00.000Z,1.46e-05,0.000129,0.028445896
2026-04-17T00:00:00.000Z,1.84e-05,0.000102,0.026912916
2026-04-18T00:00:00.000Z,2.13e-05,3.37e-05,0.024732595
2026-04-19T00:00:00.000Z,,4.47e-05,0.027671971
2026-04-20T00:00:00.000Z,3.07e-05,2.37e-07,0.028255393
2026-04-21T00:00:00.000Z,2.49e-05,0.000201,0.027687051
2026-04-22T00:00:00.000Z,,,0.032092061
2026-04-23T00:00:00.000Z,1.35e-05,3.22e-05,0.028188682
2026-04-24T00:00:00.000Z,1.76e-05,0.000106,0.028703002
2026-04-25T00:00:00.000Z,2.77e-05,4.82e-06,0.026603706
2026-04-26T00:00:00.000Z,2.2e-05,8.3e-05,0.027434609
2026-04-27T00:00:00.000Z,,1.11e-05,0.025690312
2026-04-28T00:00:00.000Z,2.91e-05,0.000105,0.026486283
2026-04-29T00:00:00.000Z,2.82e-05,-7.84e-05,0.027736902
2026-04-30T00:00:00.000Z,,1.71e-05,
2026-05-01T00:00:00.000Z,2.08e-05,9.86e-05,0.02486739
2026-05-02T00:00:00.000Z,,0.000218,0.024291244
2026-05-03T00:00:00.000Z,2.15e-05,1.52e-05,0.02568617
2026-05-04T00:00:00.000Z,3.12e-05,-5.49e-05,0.026806645
2026-05-05T00:00:00.000Z,2.12e-05,,0.028706528
2026-05-06T00:00:00.000Z,2.95e-05,7.5e-05,0.02382362
2026-05-07T00:00:00.000Z,1.98e-05,-3.51e-05,0.027399518
2026-05-08T00:00:00.000Z,2.33e-05,-0.000138,0.028463247
2026-05-09T00:00:00.000Z,2.87e-05,-2.57e-05,0.029526975
2026-05-10T00:00:00.000Z,2.01e-05,0.000102,0.030590704
2026-05-11T00:00:00.000Z,1.74e-05,0.000128,0.026705105
2026-05-12T00:00:00.000Z,2.37e-05,0.000136,0.027871514
2026-05-13T00:00:00.000Z,2.25e-05,9.84e-05,0.0263486
2026-05-14T00:00:00.000Z,2.69e-05,0.000237,0.026403168
2026-05-15T00:00:00.000Z,2.29e-05,9.72e-05,0.027835735
2026-05-16T00:00:00.000Z,,0.000105,0.029755183
2026-05-17T00:00:00.000Z,,5.46e-05,0.027283735
2026-05-18T00:00:00.000Z,,3.43e-05,0.024222254
2026-05-19T00:00:00.000Z,,0.000261,0.026096781
2026-05-20T00:00:00.000Z,2.29e-05,2.72e-05,0.028498629
2026-05-21T00:00:00.000Z,2.49e-05,1.63e-05,0.029745182
2026-05-22T00:00:00.000Z,,-1.68e-05,0.029154993
2026-05-23T00:00:00.000Z,2.43e-05,-3.4e-05,0.032685358
2026-05-24T00:00:00.000Z,3.3e-05,-5.36e-06,0.033852812
2026-05-25T00:00:00.000Z,,,0.02863436
2026-05-26T00:00:00.000Z,2.85e-05,2.45e-05,0.0265747
2026-05-27T00:00:00.000Z,2.95e-05,1.92e-05,0.029527699
2026-05-28T00:00:00.000Z,2.9e-05,-7.92e-05,0.030935546
2026-05-29T00:00:00.000Z,2.85e-05,-1.05e-05,0.033196572
2026-05-30T00:00:00.000Z,1.52e-05,,0.030979037
2026-05-31T00:00:00.000Z,2e-05,0.000127,0.028757903
2026-06-01T00:00:00.000Z,3.53e-05,8.07e-06,0.031969882
2026-06-02T00:00:00.000Z,2.52e-05,-1.7e-05,0.029085411
2026-06-03T00:00:00.000Z,1.65e-05,-5.57e-05,0.027371775
2026-06-04T00:00:00.000Z,1.74e-05,4.38e-05,0.032982489
2026-06-05T00:00:00.000Z,2.74e-05,3.95e-05,0.02575875
2026-06-06T00:00:00.000Z,2.53e-05,-0.000136,0.029278713
2026-06-07T00:00:00.000Z,2.32e-05,-7.78e-06,0.02533209
2026-06-08T00:00:00.000Z,3.45e-05,,0.03007031
2026-06-09T00:00:00.000Z,2.9e-05,2.85e-05,0.032579792
2026-06-10T00:00:00.000Z,2.44e-05,0.000167,
2026-06-11T00:00:00.000Z,1.96e-05,-7.02e-05,0.030689982
2026-06-12T00:00:00.000Z,,,
2026-06-13T00:00:00.000Z,2.2e-05,7.44e-05,0.027909448
2026-06-14T00:00:00.000Z,2.58e-05,0.000153,0.029143957
2026-06-15T00:00:00.000Z,2.76e-05,,0.029442766
2026-06-16T00:00:00.000Z,2.13e-05,0.00017,0.029113643
2026-06-17T00:00:00.000Z,3.36e-05,-1.36e-06,0.032303962
2026-06-18T00:00:00.000Z,2.44e-05,8.08e-05,0.028555236
2026-06-19T00:00:00.000Z,3.08e-05,,0.027529588
2026-06-20T00:00:00.000Z,1.61e-05,5.42e-05,0.032817311
2026-06-21T00:00:00.000Z,2.85e-05,0.000151,0.029872071
2026-06-22T00:00:00.000Z,2.38e-05,1.13e-05,0.031477116
2026-06-23T00:00:00.000Z,,-3.13e-05,0.029689522
2026-06-24T00:00:00.000Z,1.94e-05,0.000174,0.032757472
2026-06-25T00:00:00.000Z,2.16e-05,0.000108,0.030254132
2026-06-26T00:00:00.000Z,2.07e-05,1.25e-05,0.026865336
2026-06-27T00:00:00.000Z,2.04e-05,-3.83e-05,0.02557171
2026-06-28T00:00:00.000Z,2.45e-05,0.000101,0.02619365
2026-06-29T00:00:00.000Z,3.82e-05,4.15e-05,0.024730926
2026-06-30T00:00:00.000Z,3.61e-05,0.000272,0.028071672
2026-07-01T00:00:00.000Z,3.02e-05,0.000234,0.029557529
2026-07-02T00:00:00.000Z,2.82e-05,-1.95e-05,0.032417364
2026-07-03T00:00:00.000Z,3.16e-05,0.000144,0.033234961
2026-07-04T00:00:00.000Z,2.6e-05,1.41e-05,0.02996305
2026-07-05T00:00:00.000Z,1.28e-05,6.19e-05,0.030423324
2026-07-06T00:00:00.000Z,1.98e-05,,0.029844952
2026-07-07T00:00:00.000Z,2.73e-05,9.69e-07,0.025861372
2026-07-08T00:00:00.000Z,3.57e-05,-4.19e-05,0.031273565
2026-07-09T00:00:00.000Z,3.79e-05,-0.000125,0.028557967
2026-07-10T00:00:00.000Z,,-0.000134,0.032201085
2026-07-11T00:00:00.000Z,,-9.34e-05,
2026-07-12T00:00:00.000Z,,2.41e-05,0.034332122
2026-07-13T00:00:00.000Z,2.99e-05,0.00013,0.033150464
2026-07-14T00:00:00.000Z,3.15e-05,-7.31e-05,0.032871441
2026-07-15T00:00:00.000Z,2.5e-05,-9.62e-05,0.028433071
2026-07-16T00:00:00.000Z,3.17e-05,7.08e-05,0.033283436
2026-07-17T00:00:00.000Z,3.74e-05,3.47e-05,0.0341507
2026-07-18T00:00:00.000Z,2.38e-05,-8.45e-05,0.030227719
2026-07-19T00:00:00.000Z,3.9e-05,-8.39e-05,0.029917459
2026-07-20T00:00:00.000Z,3.03e-05,-1.18e-05,0.030188169
2026-07-21T00:00:00.000Z,2.23e-05,8.18e-05,0.03469855
2026-07-22T00:00:00.000Z,1.72e-05,-5.12e-05,0.029236855
2026-07-23T00:00:00.000Z,1.68e-05,-2.67e-05,0.030995033
2026-07-24T00:00:00.000Z,2.25e-05,9.63e-05,0.028554759
2026-07-25T00:00:00.000Z,3.14e-05,-2.05e-05,0.027944162
2026-07-26T00:00:00.000Z,2.92e-05,,0.031019387
2026-07-27T00:00:00.000Z,2.16e-05,-7.46e-05,0.034447531
2026-07-28T00:00:00.000Z,1.91e-05,7.46e-06,0.030743206
2026-07-29T00:00:00.000Z,2.29e-05,2.17e-05,0.032342579
2026-07-30T00:00:00.000Z,2.77e-05,5.64e-05,0.036457394
2026-07-31T00:00:00.000Z,2.51e-05,0.000104,0.032989358
2026-08-01T00:00:00.000Z,2.24e-05,0.000137,0.03666817
2026-08-02T00:00:00.000Z,2.13e-05,-0.000151,0.037120879
2026-08-03T00:00:00.000Z,2.66e-05,-7.38e-05,0.036326641
2026-08-04T00:00:00.000Z,2.51e-05,-5.04e-05,0.036698919
2026-08-05T00:00:00.000Z,2.46e-05,9.04e-05,0.028469323
2026-08-06T00:00:00.000Z,2.05e-05,0.000114,0.029250689
2026-08-07T00:00:00.000Z,2.11e-05,,0.030986206
2026-08-08T00:00:00.000Z,3.82e-05,0.000173,0.031322928
2026-08-09T00:00:00.000Z,2.63e-05,,0.031565768
2026-08-10T00:00:00.000Z,3.7e-05,3.8e-05,0.029181115
2026-08-11T00:00:00.000Z,2.43e-05,-4.63e-05,0.030530867
2026-08-12T00:00:00.000Z,2.27e-05,0.000104,0.034659615
2026-08-13T00:00:00.000Z,3.29e-05,-1.58e-05,0.033637027
2026-08-14T00:00:00.000Z,2.97e-05,-4.48e-06,0.03724114
2026-08-15T00:00:00.000Z,2.17e-05,-7.55e-05,0.035466251
2026-08-16T00:00:00.000Z,3.36e-05,-0.000122,0.034826256
2026-08-17T00:00:00.000Z,1.37e-05,4.2e-05,0.035035356
2026-08-18T00:00:00.000Z,3.73e-05,0.00013,0.036909826
2026-08-19T00:00:00.000Z,2.87e-05,0.000109,0.036012742
2026-08-20T00:00:00.000Z,2.39e-05,0.000152,0.03538961
2026-08-21T00:00:00.000Z,3.02e-05,0.000168,0.030284162
2026-08-22T00:00:00.000Z,2.58e-05,0.000135,0.035490135
2026-08-23T00:00:00.000Z,2.17e-05,3.18e-05,0.034054536
2026-08-24T00:00:00.000Z,3.33e-05,0.000176,0.032691801
2026-08-25T00:00:00.000Z,2.68e-05,0.00024,0.032958891
2026-08-26T00:00:00.000Z,2.94e-05,0.000181,0.032092061
2026-08-27T00:00:00.000Z,3.43e-05,-2.19e-05,0.033499881
2026-08-28T00:00:00.000Z,3.42e-05,0.000112,
2026-08-29T00:00:00.000Z,3.52e-05,-7.23e-05,0.037933614
2026-08-30T00:00:00.000Z,2.69e-05,-2.68e-05,0.035327576
