date,SO2
2025-09-25,0.0001073058996216612
2025-09-27,3.842462127809804e-05
2025-09-23,0.00015504166136592036
2025-09-24,9.67604662784132e-05
2025-09-21,-2.409648394598545e-05
2025-09-22,0.00015092573934712814
2025-09-28,1.820020858960763e-07
2025-09-26,6.477499312263807e-05
2025-12-19,1.0501289580133744e-05
2025-12-23,1.9024923823088977e-05
2025-12-18,-9.384918003514244e-08
2025-12-25,5.143175597120055e-05
2025-12-21,
2025-12-24,1.2454613328293858e-06
2025-12-20,-3.238702746395055e-05
2025-12-22,-8.805836729414896e-06
2026-06-03,-1.4146137868081095e-05
2026-05-29,9.327149551524474e-05
2026-06-02,9.733222103671207e-06
2026-06-01,-2.3870970349604497e-05
2026-05-30,0.000161224386959345
2026-05-28,-2.266909203632256e-05
2026-05-27,0.00014578405495574935
2026-05-31,6.718822389164258e-05
2025-11-20,
2025-11-19,-0.0008046810093219392
2025-11-17,3.5661763467942366e-05
2025-11-22,-3.411522196616266e-05
2025-11-23,3.344647830446917e-05
2025-11-18,6.762228859467238e-05
2025-11-21,
2025-11-16,-8.679167755569021e-05
2026-02-04,3.412479681486968e-05
2026-02-05,7.190775350965042e-06
2026-02-11,2.625916031798912e-05
2026-02-06,3.864351927924352e-05
2026-02-09,0.00012617841760705537
2026-02-07,
2026-02-08,-0.00010857611950517534
2026-02-10,5.567008966247687e-05
2026-05-21,4.266269633265006e-05
2026-05-19,0.00017222749504150811
2026-05-23,8.693436991409247e-05
2026-05-25,5.12562759240609e-05
2026-05-26,8.389987319058065e-06
2026-05-20,2.6276233273035488e-05
2026-05-22,-2.7960175030885795e-05
2026-05-24,6.146291371973539e-05
2026-06-06,-2.841897491012596e-05
2026-06-11,9.457566025722136e-05
2026-06-05,3.900301571690345e-06
2026-06-07,3.178336301061791e-05
2026-06-10,0.00024508282165266586
2026-06-09,7.35094319349049e-05
2026-06-08,0.0002978028989384477
2026-06-04,1.1531457064186477e-05
2025-09-03,0.00012937963986111618
2025-09-04,0.00017229454914242871
2025-09-02,-4.07734715213925e-06
2025-08-29,-7.51582105554657e-05
2025-08-30,9.37563828150208e-05
2025-08-28,7.381744356543525e-05
2025-08-31,-5.6320220397430926e-05
2025-09-01,0.00039442147403683696
2025-09-30,
2025-10-01,-2.0331888565025923e-05
2025-10-02,-3.943854356890291e-05
2025-10-06,1.9269101887920265e-05
2025-10-04,0.00016490831450308554
2025-10-03,1.916002755097732e-06
2025-10-05,8.762264783132088e-06
2025-09-29,1.2598889524644403e-05
2025-10-27,0.00015740410202108086
2025-10-23,2.665173683040352e-06
2025-10-29,-4.868025280302391e-05
2025-10-26,8.17305072966216e-05
2025-10-28,
2025-10-30,1.3349465823408444e-05
2025-10-25,4.505329707171768e-05
2025-10-24,-0.0001937544784595957
2025-12-15,8.880854409198947e-07
2025-12-10,6.008991799304072e-05
2025-12-16,-1.01356739850136e-06
2025-12-17,5.266903817933851e-06
2025-12-12,-7.320678867232208e-06
2025-12-13,7.252286340425835e-05
2025-12-11,
2025-12-14,
2026-05-08,0.00018490376176239143
2026-05-06,0.0002373501579443525
2026-05-10,6.680388317943325e-05
2026-05-03,3.170901093833086e-05
2026-05-07,2.1127146725451565e-05
2026-05-09,6.099976654209164e-05
2026-05-04,1.6570186565359386e-05
2026-05-05,
2026-01-03,0.0002115734932885971
2026-01-04,2.030483874302893e-05
2026-01-06,3.139489759073163e-05
2026-01-10,8.153323530925924e-05
2026-01-07,-1.876698164043309e-05
2026-01-08,2.1079781940771785e-05
2026-01-05,-8.516218506635845e-06
2026-01-09,-3.790064686157011e-05
2026-02-25,-1.3695720281248211e-05
2026-02-23,-0.0004173469496890903
2026-02-24,
2026-02-26,-6.0999199478020375e-05
2026-02-22,
2026-02-21,-4.2549588518644064e-05
2026-02-20,2.6742041923584608e-05
2026-02-27,5.000680912895692e-05
2026-03-19,1.7643442716095222e-05
2026-03-16,9.087140888652812e-06
2026-03-21,3.124312313755379e-05
2026-03-22,-1.8358469337429506e-05
2026-03-23,-1.5737273400162622e-05
2026-03-20,4.591202991832688e-05
2026-03-17,1.6589798582976477e-05
2026-03-18,9.635942842789046e-06
2026-04-21,0.00023733250500609677
2026-04-20,-1.4349324441422208e-06
2026-04-19,-1.0951708645023928e-05
2026-04-22,
2026-04-18,8.377419835950013e-05
2026-04-17,0.00013984739825688262
2026-04-24,3.940714299651997e-05
2026-04-23,1.2971786930840666e-05
2026-07-31,2.767127656568391e-05
2026-08-01,4.310600734414656e-05
2026-08-06,6.525988923537322e-05
2026-07-30,6.777040543046825e-05
2026-08-04,-2.6539940175373404e-05
2026-08-05,4.365978478772717e-05
2026-08-02,-4.307172694441177e-05
2026-08-03,-2.5988486513223543e-05
2026-02-03,1.351914475478111e-05
2026-02-01,
2026-01-31,3.7349763002881584e-05
2026-01-28,
2026-01-29,-1.166706043258722e-05
2026-02-02,
2026-01-27,
2026-01-30,1.6271950492544557e-06
2026-06-13,7.807905717357638e-05
2026-06-16,0.00014113297916496363
2026-06-15,9.374427936847952e-05
2026-06-19,0.00025229754695111305
2026-06-18,0.00016028821473574285
2026-06-14,0.00011863971450687734
2026-06-17,6.689128697685827e-05
2026-06-12,-8.741648052819073e-05
2026-07-02,3.9057977955963e-05
2026-07-04,0.00012599095135129264
2026-07-03,9.760698943691317e-05
2026-07-01,0.00010096794056536104
2026-06-29,1.252604415020125e-05
2026-06-30,0.00014252080775659952
2026-07-05,9.970460846434216e-05
2026-06-28,0.00016138888439031906
2026-07-28,3.682170655996868e-05
2026-07-24,6.786040893075551e-05
2026-07-25,-1.1782820671545449e-05
2026-07-26,0.0002822942862784565
2026-07-22,-0.0001006181482639308
2026-07-29,3.206833006537611e-05
2026-07-23,7.564391745322139e-05
2026-07-27,-5.471160979758587e-05
2026-04-16,0.00011173775345254912
2026-04-13,1.472144582174216e-05
2026-04-15,3.985861770615884e-05
2026-04-12,3.40367367481003e-06
2026-04-10,2.7553890011707452e-05
2026-04-11,0.0001564278429100341
2026-04-09,-4.274004477261091e-05
2026-04-14,8.387756996835007e-05
2026-07-21,1.5772336835385814e-05
2026-07-15,4.680275052591024e-05
2026-07-20,1.0799475660974168e-05
2026-07-17,7.602114976634766e-06
2026-07-16,0.00010966996479383026
2026-07-14,5.057970664217356e-05
2026-07-19,-3.848078455910701e-06
2026-07-18,2.277910672769205e-05
2026-01-01,
2025-12-29,4.020784439973113e-06
2026-01-02,4.2529307863827725e-05
2025-12-28,-3.895868472530613e-05
2025-12-30,6.788032793439116e-06
2025-12-31,
2025-12-26,7.888764876909027e-05
2025-12-27,-0.00027619591128313914
2025-10-11,3.4566198345759685e-05
2025-10-12,-3.3078724166241754e-05
2025-10-14,-1.3562522175939724e-05
2025-10-09,-5.209308513561458e-05
2025-10-13,-2.035793573590107e-05
2025-10-10,9.599906737237592e-05
2025-10-07,-8.563731194457928e-05
2025-10-08,6.402144146082528e-05
2025-08-25,1.7397317518631237e-05
2025-08-26,-8.217998574705293e-05
2025-08-27,8.540692409903722e-05
2025-08-24,
2025-11-06,3.441402271972846e-05
2025-11-03,
2025-11-05,
2025-10-31,5.45444186172972e-06
2025-11-02,8.69569080107015e-06
2025-11-04,4.016973416582914e-05
2025-11-07,0.00017263332639621303
2025-11-01,-2.820287431395441e-05
2026-03-08,-8.885782790457597e-05
2026-03-09,2.428063799632416e-05
2026-03-12,-3.488650750168964e-05
2026-03-10,2.206631604023737e-05
2026-03-13,4.544092678891422e-06
2026-03-15,-1.998954911204447e-06
2026-03-11,6.99750451044373e-05
2026-03-14,3.567056179917927e-05
2026-03-03,5.789416696228253e-06
2026-03-05,8.674974729469145e-05
2026-03-06,9.444475290365516e-05
2026-03-02,
2026-03-01,-6.055983845365925e-05
2026-03-04,1.3924048895811817e-05
2026-02-28,-0.0001319021276885462
2026-03-07,0.0001562317174830241
2026-04-06,2.0380057379621906e-05
2026-04-02,0.000112929531566736
2026-04-05,0.00023473679495002493
2026-04-04,8.943252026021523e-05
2026-04-08,-3.284378933155519e-05
2026-04-01,-9.363401650644446e-05
2026-04-03,0.0001406376707642648
2026-04-07,9.63279352101566e-05
2026-05-02,0.00015802975354039408
2026-04-26,4.860489258468826e-05
2026-04-25,1.4321698305745182e-05
2026-05-01,0.00011954301855742276
2026-04-27,-3.902029778725012e-06
2026-04-29,-2.971020914109041e-05
2026-04-30,0.00011059263205323886
2026-04-28,8.796093544782257e-05
2026-08-10,9.8317193313439e-05
2026-08-07,0.0001858770287526568
2026-08-09,0.0002124269504438164
2026-08-08,0.0003138224872866597
2026-08-13,0.00010781379977205772
2026-08-12,5.438321150822131e-05
2026-08-11,-5.43384639058786e-05
2026-08-14,-1.0991841716329672e-07
2025-11-30,1.266965501219052e-05
2025-11-26,-9.478168076863143e-05
2025-11-25,-9.76425424316683e-06
2025-11-28,9.132420032983644e-05
2025-11-29,-5.01543809150462e-06
2025-12-01,-5.314304210266776e-06
2025-11-27,1.4070231540084503e-05
2025-11-24,0.00010266704339301214
2026-02-14,4.470267196126088e-05
2026-02-13,
2026-02-16,9.761811270436738e-06
2026-02-19,2.091993357882732e-05
2026-02-18,
2026-02-15,0.00010281563143968104
2026-02-12,-0.000238300125298944
2026-02-17,-1.805986296983993e-05
2026-05-15,4.253818345508383e-05
2026-05-17,5.822890445372764e-05
2026-05-11,0.0001374132456551655
2026-05-16,0.00012049770197740548
2026-05-18,8.014363073399229e-05
2026-05-12,0.0001469874503561535
2026-05-14,0.00014221379028165403
2026-05-13,0.00020206363463780823
2026-07-09,-6.35446607004563e-05
2026-07-10,-1.95286933058531e-05
2026-07-07,4.932787202177328e-06
2026-07-08,-1.6130675349914883e-05
2026-07-11,-0.00013992905186310597
2026-07-13,3.913101792740227e-05
2026-07-06,
2026-07-12,0.0001357246273133042
2026-08-16,2.9401039446177243e-05
2026-08-21,9.77989998176554e-05
2026-08-18,-2.841769821606104e-05
2026-08-15,-9.420399479772048e-06
2026-08-19,4.8123868509719614e-05
2026-08-22,2.75223905007876e-05
2026-08-17,7.566268421517937e-05
2026-08-20,0.00010653957565409657
2025-09-08,-3.76126638720109e-05
2025-09-10,2.43560243537407e-05
2025-09-12,3.770847409138393e-05
2025-09-11,-4.928959827209058e-06
2025-09-06,0.0001046720269754371
2025-09-07,-3.110288166825494e-05
2025-09-09,1.6078744821266482e-06
2025-09-05,0.0003518174533770367
2025-10-18,3.109411450818048e-05
2025-10-19,-4.751332372613341e-05
2025-10-22,
2025-10-16,0.0002186664707639668
2025-10-20,-1.8387405294769912e-05
2025-10-15,0.00011346570440161803
2025-10-21,2.570639480836689e-05
2025-10-17,0.0001304789584240928
2025-12-04,
2025-12-05,-7.20405902635927e-05
2025-12-02,0.0002609896900391603
2025-12-06,
2025-12-09,
2025-12-08,3.820460726777302e-05
2025-12-03,-9.940060971573638e-07
2025-12-07,-1.1403449559958094e-06
2026-01-23,
2026-01-25,-0.00010632683188305236
2026-01-19,4.260815781620408e-05
2026-01-21,
2026-01-22,
2026-01-26,-4.061877240545934e-06
2026-01-20,7.627540617249906e-05
2026-01-24,1.11747309502073e-05
2026-03-26,
2026-03-30,0.0001331163754540202
2026-03-24,
2026-03-31,
2026-03-28,3.470984749063583e-05
2026-03-27,-0.0001293494155921356
2026-03-25,6.514477085707207e-05
2026-03-29,7.138950495479464e-05
2026-06-22,1.979081055890412e-05
2026-06-26,-4.030010154010819e-06
2026-06-20,0.00015403577407047329
2026-06-21,3.876215251030424e-05
2026-06-27,-2.357565230900386e-07
2026-06-23,5.060391446489264e-05
2026-06-24,5.9438276680182375e-05
2026-06-25,0.0001698643178315251
2025-09-20,
2025-09-16,6.42141178559541e-05
2025-09-18,
2025-09-15,4.822033949402282e-05
2025-09-14,6.733889045631479e-05
2025-09-19,-1.7170170561087162e-05
2025-09-13,0.0001712261119971951
2025-09-17,7.139886114917159e-06
2025-11-10,3.645161777967587e-05
2025-11-14,
2025-11-12,4.914155432904253e-05
2025-11-08,-0.00023764326761011037
2025-11-09,
2025-11-13,6.170856249809731e-05
2025-11-11,-1.1765168224542322e-05
2025-11-15,-1.651038786738874e-05
2026-01-17,-4.990626621292904e-05
2026-01-15,
2026-01-11,
2026-01-14,2.55479753286636e-05
2026-01-13,3.78660637276577e-05
2026-01-16,1.642222812753951e-05
2026-01-18,0.00014468187600868987
2026-01-12,3.258685780853805e-05
2026-08-24,0.00011710714423161506
2026-08-23,-9.597409379942045e-05
