date,CO
2025-09-20,0.0263092823834581
2025-09-16,0.0334419732292493
2025-09-18,
2025-09-15,0.0266338452027085
2025-09-14,0.0270134021536769
2025-09-19,0.0275545538567444
2025-09-13,0.0318108426958874
2025-09-17,0.0337400376558937
2025-11-20,
2025-11-19,
2025-11-17,0.0254470002837479
2025-11-22,0.0290975418280471
2025-11-23,0.0281626151843091
2025-11-18,0.0303338829427957
2025-11-21,
2025-11-16,0.0312565552509006
2025-10-11,0.0312233542778877
2025-10-12,0.0279720732021135
2025-10-14,0.0275826575424598
2025-10-09,0.0365868803382534
2025-10-13,0.0261432167975918
2025-10-10,0.0341256200335919
2025-10-07,0.0389103805528411
2025-10-08,0.034609806737793
2025-12-15,0.0259697513085686
2025-12-10,0.0268784170183017
2025-12-16,
2025-12-17,0.0254359953274781
2025-12-12,0.0295302742414853
2025-12-13,0.0287199938560233
2025-12-11,
2025-12-14,0.0270552294214769
2026-01-17,
2026-01-15,
2026-01-11,
2026-01-14,0.0244844511095712
2026-01-13,0.0287610971006668
2026-01-16,0.0261799352322246
2026-01-18,0.0276762880384922
2026-01-12,0.0282495746003656
2026-03-08,0.0268616838740152
2026-03-09,0.0310138358297396
2026-03-12,0.0260688225823369
2026-03-10,0.0302403185516595
2026-03-13,0.0258448477433894
2026-03-15,0.028705061022793
2026-03-11,0.0267744932323694
2026-03-14,0.027447507540994
2026-06-13,0.0262844071905944
2026-06-16,0.0304279574062501
2026-06-15,0.0284340083017013
2026-06-19,0.0282010131408102
2026-06-18,0.029958049984318
2026-06-14,0.0289091871267086
2026-06-17,0.0279539359011212
2026-06-12,0.0239477222785353
2026-08-16,0.0345065539157149
2026-08-21,0.031044748318554
2026-08-18,0.0352485910803079
2026-08-15,0.0353163551808018
2026-08-19,0.0360711533850168
2026-08-22,0.0343747433105652
2026-08-17,0.0353486557124239
2026-08-20,0.0337889195089378
2026-06-06,0.0286607393108814
2026-06-11,0.0310298925740461
2026-06-05,0.0285775229504162
2026-06-07,0.0270774105425786
2026-06-10,0.030268678100596
2026-06-09,0.0310161557048559
2026-06-08,0.0299379156041209
2026-06-04,0.0282268823227948
2025-11-30,0.0266006123274564
2025-11-26,0.0261804320867739
2025-11-25,0.0274842196818569
2025-11-28,0.0298019647598266
2025-11-29,0.0285804133862257
2025-12-01,0.028809896741922
2025-11-27,0.0250847670116594
2025-11-24,0.0262232883475147
2026-02-25,
2026-02-23,
2026-02-24,
2026-02-26,0.0209439303725957
2026-02-22,
2026-02-21,
2026-02-20,0.0288755149114877
2026-02-27,0.0225347833356995
2026-05-15,0.0276844401928511
2026-05-17,0.0259666802490701
2026-05-11,0.0283842378211292
2026-05-16,0.0267368740982042
2026-05-18,0.0232169017152384
2026-05-12,0.0260805183464718
2026-05-14,0.0257662844657897
2026-05-13,0.027910072095344
2025-10-27,0.0269832536578178
2025-10-23,0.0272479478269815
2025-10-29,
2025-10-26,0.0300904804840683
2025-10-28,0.0278201848268508
2025-10-30,0.0273181869052961
2025-10-25,0.0313686247254851
2025-10-24,
2025-12-19,0.0275822784751653
2025-12-23,0.029211518979007
2025-12-18,0.0289050833005266
2025-12-25,0.0276438276978987
2025-12-21,0.0252496496375118
2025-12-24,0.026730003124424
2025-12-20,0.0253036047291496
2025-12-22,0.0299491287801753
2026-07-28,0.0314881377118198
2026-07-24,0.0277303744364401
2026-07-25,0.0315706780076854
2026-07-26,0.0317183772175766
2026-07-22,0.0285686564814184
2026-07-29,0.0323371544004754
2026-07-23,0.0313320185057818
2026-07-27,0.0328455454658103
2026-03-03,0.0261843136347392
2026-03-05,0.0268575147505891
2026-03-06,
2026-03-02,
2026-03-01,
2026-03-04,0.0259477800071829
2026-02-28,0.0206250684956709
2026-03-07,0.0241811374823252
2026-03-26,0.0271906293346546
2026-03-30,0.0259374626957386
2026-03-24,0.0252717569736497
2026-03-31,
2026-03-28,0.0309321488542803
2026-03-27,0.0291448702535978
2026-03-25,0.0272982222780298
2026-03-29,0.0302022450166393
2026-06-22,0.0304452247156571
2026-06-26,0.0272332018551727
2026-06-20,0.0287770264866677
2026-06-21,0.0325074208518251
2026-06-27,0.0264836960556832
2026-06-23,0.0308441381575991
2026-06-24,0.0323039897865502
2026-06-25,0.0289335824718529
2026-08-10,0.0311807414605503
2026-08-07,0.0299812135935732
2026-08-09,0.0314841804268596
2026-08-08,0.0331001281922701
2026-08-13,0.0368286348193099
2026-08-12,0.0332120050969597
2026-08-11,0.0311881430873957
2026-08-14,0.0344155998710466
2025-12-04,0.0329546704888343
2025-12-05,0.0308201033622026
2025-12-02,0.0297271901447522
2025-12-06,
2025-12-09,
2025-12-08,0.0268927781771008
2025-12-03,0.023227501128401
2025-12-07,0.0290330474010922
2026-02-14,0.0309251869718233
2026-02-13,
2026-02-16,0.0293032301037951
2026-02-19,0.0266707030809428
2026-02-18,0.0270246919244527
2026-02-15,0.0286263179818266
2026-02-12,0.0250899977982044
2026-02-17,0.0255763099661895
2025-09-03,0.0288773392428561
2025-09-04,0.0265685857527635
2025-09-02,0.0250556280619455
2025-08-29,0.0252028746530413
2025-08-30,0.027756638123424
2025-08-28,0.026981920087293
2025-08-31,0.0273633662256456
2025-09-01,0.030726793655517
2025-09-25,0.0309359726919369
2025-09-27,0.0334683329816542
2025-09-23,0.0322552149494489
2025-09-24,0.0340707114610438
2025-09-21,0.0273884037652841
2025-09-22,0.0276772588322108
2025-09-28,0.0315791520446834
2025-09-26,0.0321483135061419
2026-01-23,
2026-01-25,0.0232464012224227
2026-01-19,0.0304121136144604
2026-01-21,
2026-01-22,
2026-01-26,0.0277275659297544
2026-01-20,0.0215572084222609
2026-01-24,0.0284469756655968
2026-05-02,0.0234861880857146
2026-04-26,0.0258668895918302
2026-04-25,0.0289781820367683
2026-05-01,0.0242177401212792
2026-04-27,0.0235841075579325
2026-04-29,0.028397498037666
2026-04-30,0.0248848747076659
2026-04-28,0.0277891578152775
2026-04-16,0.025765440116326
2026-04-13,0.0275030097976889
2026-04-15,0.0268903803926977
2026-04-12,
2026-04-10,0.0298593933028834
2026-04-11,0.0329940248376283
2026-04-09,0.0291496028226834
2026-04-14,0.0260694878003031
2026-07-02,0.0311204534998842
2026-07-04,0.0302174114368178
2026-07-03,0.0296947066775626
2026-07-01,0.0278448374010622
2026-06-29,0.0266250281404423
2026-06-30,0.0286654074183281
2026-07-05,0.0290004927492528
2026-06-28,0.0290307695338246
2026-07-31,0.0336160577461123
2026-08-01,0.0350401663644747
2026-08-06,0.0283709243974751
2026-07-30,0.0379711691724154
2026-08-04,0.0339069038752343
2026-08-05,0.03011140507569
2026-08-02,0.0352820654104395
2026-08-03,0.0342362278056415
2025-10-18,0.0332113769765083
2025-10-19,0.0328641943633556
2025-10-22,
2025-10-16,0.0293330961001028
2025-10-20,0.0335605774535653
2025-10-15,0.0325756110250949
2025-10-21,0.0348409277132966
2025-10-17,0.0315114526247436
2026-01-03,0.0284076392916696
2026-01-04,0.0282817268926723
2026-01-06,0.02719669121628
2026-01-10,0.0259612247777672
2026-01-07,
2026-01-08,0.0262623731756494
2026-01-05,0.0247059369991932
2026-01-09,0.0282392460246418
2026-02-04,0.0281828102124955
2026-02-05,0.0307631528154871
2026-02-11,0.0257681222496236
2026-02-06,0.0310065680151355
2026-02-09,0.0288091526531121
2026-02-07,0.027791978791356
2026-02-08,0.030473662413318
2026-02-10,0.0245363089171322
2026-06-03,0.0270420389588583
2026-05-29,0.0316748655278165
2026-06-02,0.0299018542326632
2026-06-01,0.029115859384614
2026-05-30,0.0309466657228767
2026-05-28,0.0294407054294492
2026-05-27,0.0302377122764786
2026-05-31,0.0277717383860638
2025-11-10,0.0286221069002908
2025-11-14,0.0297866606463988
2025-11-12,0.0286166484433191
2025-11-08,
2025-11-09,
2025-11-13,0.0290230157829466
2025-11-11,0.0272160026751741
2025-11-15,0.0258695057339288
2026-05-08,0.0269573298948151
2026-05-06,0.0262549538673325
2026-05-10,0.0291651618097303
2026-05-03,0.0244414855314548
2026-05-07,0.0274375598713919
2026-05-09,0.0280150549056438
2026-05-04,0.027951671308515
2026-05-05,0.0276432772671137
2025-08-25,0.0313437706169982
2025-08-26,
2025-08-27,0.0232446978014766
2025-08-24,
2026-07-21,0.032492880123081
2026-07-15,0.0284404311025021
2026-07-20,0.0316777852399704
2026-07-17,0.0334867985749786
2026-07-16,0.0311383311141361
2026-07-14,0.0350371758578364
2026-07-19,0.0295673776822893
2026-07-18,0.0316003124273958
2025-09-08,0.0275168897197493
2025-09-10,0.0262387199327349
2025-09-12,0.0273692093620246
2025-09-11,0.0278416437884935
2025-09-06,0.0281225780123158
2025-09-07,0.0326791777275502
2025-09-09,0.0271500774286687
2025-09-05,0.0281676268205046
2025-09-30,0.0232205132820776
2025-10-01,0.0294935373969159
2025-10-02,0.0316183598608606
2025-10-06,0.0332551202313466
2025-10-04,0.0325907472082797
2025-10-03,0.0328867812556299
2025-10-05,0.0315977541510673
2025-09-29,0.0329668193957523
2025-11-06,0.0205753052141517
2025-11-03,
2025-11-05,0.0265862751752138
2025-10-31,0.0302310302853584
2025-11-02,0.0272969123183025
2025-11-04,0.0290493080919643
2025-11-07,0.0236984547227621
2025-11-01,0.0247351708263158
2026-01-01,0.0269979344790472
2025-12-29,0.0250488940504527
2026-01-02,0.0264611057247276
2025-12-28,0.0240322441364137
2025-12-30,0.0216487050056457
2025-12-31,
2025-12-26,0.0243577217624988
2025-12-27,
2026-02-03,0.0286374007700942
2026-02-01,0.0275011816993355
2026-01-31,0.0295585334846159
2026-01-28,
2026-01-29,0.032304352975076
2026-02-02,
2026-01-27,0.0296459362041531
2026-01-30,0.0307371652900026
2026-04-21,0.0278375984874562
2026-04-20,0.0276896173029013
2026-04-19,0.0277166567929089
2026-04-22,
2026-04-18,0.0270562869581309
2026-04-17,0.0246810880404981
2026-04-24,0.0280330005186525
2026-04-23,0.0271938864607363
2026-07-09,0.0310013082207125
2026-07-10,0.0332635789902673
2026-07-07,0.0274408452352073
2026-07-08,0.0305543033122692
2026-07-11,0.0329158181128533
2026-07-13,0.0325401234349199
2026-07-06,0.0273322319103912
2026-07-12,0.0339508452155488
2026-05-21,0.0296143670167241
2026-05-19,0.0256178500977429
2026-05-23,0.0320246490012658
2026-05-25,0.02866584958859
2026-05-26,0.0262468626441539
2026-05-20,0.0292986959557641
2026-05-22,0.0303708256824928
2026-05-24,0.0309864062232425
2026-04-06,0.0286384645927076
2026-04-02,0.0289152505248785
2026-04-05,0.0275614199658425
2026-04-04,0.0261685255068269
2026-04-08,0.0250067326619669
2026-04-01,0.0269678285079342
2026-04-03,0.0283764230416101
2026-04-07,0.0293961943102044
2026-03-19,0.0240425713003632
2026-03-16,0.0284197685460365
2026-03-21,0.0251238812692463
2026-03-22,0.0258665960282087
2026-03-23,0.0257434091877703
2026-03-20,
2026-03-17,0.0281082799398823
2026-03-18,0.0269109502715884
2026-08-24,0.0337684975214758
2026-08-23,0.033059038741644
