date,NO2,SO2,O3,CO
2025-08-24,,,,
2025-08-25,2.2208701521980848e-05,1.7397317518631237e-05,0.1167105806144801,0.0313437706169982
2025-08-26,3.5341585316928104e-05,-8.217998574705293e-05,0.1151345679028467,
2025-08-27,1.943894949363312e-05,8.540692409903722e-05,0.116174641996622,0.0232446978014766
2025-08-28,1.3619828126820722e-05,7.381744356543525e-05,0.1139835428107868,0.026981920087293
2025-08-29,2.232171937066596e-05,-7.51582105554657e-05,0.1127538410777395,0.0252028746530413
2025-08-30,2.835941268131137e-05,9.37563828150208e-05,0.1150437463413585,0.027756638123424
2025-08-31,2.2574480542723243e-05,-5.6320220397430926e-05,0.1162050925719905,0.0273633662256456
2025-09-01,3.261128351907785e-05,0.0003944214740368,0.1151510977609591,0.030726793655517
2025-09-02,2.2428468084932508e-05,-4.07734715213925e-06,0.113696476207538,0.0250556280619455
2025-09-03,3.92000546677688e-05,0.0001293796398611,0.1145643650130792,0.0288773392428561
2025-09-04,1.817344219301641e-05,0.0001722945491424,0.1129614321345632,0.0265685857527635
2025-09-05,2.084406372121425e-05,0.000351817453377,0.1133963984521952,0.0281676268205046
2025-09-06,1.4924030030514831e-05,0.0001046720269754,0.1130637277256358,0.0281225780123158
2025-09-07,2.1918314671460857e-05,-3.110288166825494e-05,0.1131675618616017,0.0326791777275502
2025-09-08,2.4861881168665908e-05,-3.76126638720109e-05,0.1120819308541037,0.0275168897197493
2025-09-09,2.400369692357648e-05,1.6078744821266482e-06,0.1147562870247797,0.0271500774286687
2025-09-10,1.72134710434572e-05,2.43560243537407e-05,0.1155741742388768,0.0262387199327349
2025-09-11,4.0536514071780925e-05,-4.928959827209058e-06,0.1157525685700503,0.0278416437884935
2025-09-12,2.4048728502950528e-05,3.770847409138393e-05,0.1145506716587326,0.0273692093620246
2025-09-13,2.618896531506228e-05,0.0001712261119971,0.115062289820476,0.0318108426958874
2025-09-14,2.002982001189172e-05,6.733889045631479e-05,0.115263836288994,0.0270134021536769
2025-09-15,1.4818008616433628e-05,4.822033949402282e-05,0.1156369174745949,0.0266338452027085
2025-09-16,,6.42141178559541e-05,0.1159084732644259,0.0334419732292493
2025-09-17,3.410903778652626e-05,7.139886114917159e-06,0.1150048317557031,0.0337400376558937
2025-09-18,,,0.1151873650875958,
2025-09-19,1.532660586235579e-05,-1.7170170561087162e-05,0.1118153191425583,0.0275545538567444
2025-09-20,1.823191517184585e-05,,,0.0263092823834581
2025-09-21,2.4038145966187585e-05,-2.409648394598545e-05,0.1130671938711946,0.0273884037652841
2025-09-22,2.10638385650642e-05,0.0001509257393471,0.1135210430757566,0.0276772588322108
2025-09-23,3.1551647325613885e-05,0.0001550416613659,0.1134106142954392,0.0322552149494489
2025-09-24,2.981354482843165e-05,9.67604662784132e-05,0.1127713912589983,0.0340707114610438
2025-09-25,2.197356993324214e-05,0.0001073058996216,0.1129862555048682,0.0309359726919369
2025-09-26,1.934880292537855e-05,6.477499312263807e-05,0.1140287172387946,0.0321483135061419
2025-09-27,2.8863480992395823e-05,3.842462127809804e-05,0.1165822767398574,0.0334683329816542
2025-09-28,2.762987425842472e-05,1.820020858960763e-07,0.1168542227284474,0.0315791520446834
2025-09-29,1.734769911795305e-05,1.2598889524644403e-05,0.1159918611699884,0.0329668193957523
2025-09-30,2.3421578589477576e-05,,,0.0232205132820776
2025-10-01,2.1407819726196715e-05,-2.0331888565025923e-05,0.1126291424036026,0.0294935373969159
2025-10-02,2.445808017811309e-05,-3.943854356890291e-05,0.1152985290961062,0.0316183598608606
2025-10-03,2.0795499508916617e-05,1.916002755097732e-06,0.1160571178929372,0.0328867812556299
2025-10-04,2.1670331260669297e-05,0.000164908314503,0.1148003770546479,0.0325907472082797
2025-10-05,2.66432064017863e-05,8.762264783132088e-06,0.1159834132953123,0.0315977541510673
2025-10-06,2.523151925774512e-05,1.9269101887920265e-05,0.1182414486326954,0.0332551202313466
2025-10-07,,-8.563731194457928e-05,0.120623997057026,0.0389103805528411
2025-10-08,1.717206721135797e-05,6.402144146082528e-05,0.1183358434926379,0.034609806737793
2025-10-09,2.568696499515176e-05,-5.209308513561458e-05,0.118404240838506,0.0365868803382534
2025-10-10,2.286638303973098e-05,9.599906737237592e-05,0.1165639219636267,0.0341256200335919
2025-10-11,2.3946931474938537e-05,3.4566198345759685e-05,0.1142933395098556,0.0312233542778877
2025-10-12,2.4426967229373983e-05,-3.3078724166241754e-05,0.113405158709396,0.0279720732021135
2025-10-13,2.413959484783845e-05,-2.035793573590107e-05,0.1170238780704411,0.0261432167975918
2025-10-14,2.5694123366088285e-05,-1.3562522175939724e-05,0.1175472585315054,0.0275826575424598
2025-10-15,3.035731103023265e-05,0.0001134657044016,0.1178402893922545,0.0325756110250949
2025-10-16,2.7162888874740663e-05,0.0002186664707639,0.1198021319779482,0.0293330961001028
2025-10-17,2.1885690633401584e-05,0.000130478958424,0.1189053662798621,0.0315114526247436
2025-10-18,2.4519849367047405e-05,3.109411450818048e-05,0.1186939662830396,0.0332113769765083
2025-10-19,2.560876128478008e-05,-4.751332372613341e-05,0.1162667933512817,0.0328641943633556
2025-10-20,2.6604153249379656e-05,-1.8387405294769912e-05,0.1159382425248622,0.0335605774535653
2025-10-21,,2.570639480836689e-05,0.1193164618177847,0.0348409277132966
2025-10-22,,,0.1182837369089776,
2025-10-23,2.815541076990101e-05,2.665173683040352e-06,0.1167677118696949,0.0272479478269815
2025-10-24,2.642238723638001e-05,-0.0001937544784595,0.1166559007357467,
2025-10-25,3.057607015459022e-05,4.505329707171768e-05,0.115175452557477,0.0313686247254851
2025-10-26,2.381795242659532e-05,8.17305072966216e-05,0.116974959928881,0.0300904804840683
2025-10-27,1.9669925677590072e-05,0.000157404102021,0.1167388140477917,0.0269832536578178
2025-10-28,,,0.1139586312527006,0.0278201848268508
2025-10-29,,-4.868025280302391e-05,0.1161662631414153,
2025-10-30,2.454742806966769e-05,1.3349465823408444e-05,0.1162959352812983,0.0273181869052961
2025-10-31,2.3362104636334784e-05,5.45444186172972e-06,0.1150058348070491,0.0302310302853584
2025-11-01,1.65391095647591e-05,-2.820287431395441e-05,0.1150401348417455,0.0247351708263158
2025-11-02,1.518952069545776e-05,8.69569080107015e-06,0.1154649376869201,0.0272969123183025
2025-11-03,,,0.1161379208167394,
2025-11-04,1.3757087823010165e-05,4.016973416582914e-05,0.1144814999266104,0.0290493080919643
2025-11-05,,,0.1163652672009034,0.0265862751752138
2025-11-06,1.928251367644407e-05,3.441402271972846e-05,0.1129417400468479,0.0205753052141517
2025-11-07,4.225994871376315e-06,0.0001726333263962,0.1148201509632847,0.0236984547227621
2025-11-08,,-0.0002376432676101,0.1161191545426845,
2025-11-09,,,0.1162526106969876,
2025-11-10,2.4925393151736192e-05,3.645161777967587e-05,0.1144092557782476,0.0286221069002908
2025-11-11,1.747538835591841e-05,-1.1765168224542322e-05,0.1149478514086116,0.0272160026751741
2025-11-12,2.077800672850572e-05,4.914155432904253e-05,0.1155259563841603,0.0286166484433191
2025-11-13,,6.170856249809731e-05,0.1136696476827968,0.0290230157829466
2025-11-14,,,0.1151053739542311,0.0297866606463988
2025-11-15,1.2355104575233004e-05,-1.651038786738874e-05,0.1155890739776871,0.0258695057339288
2025-11-16,,-8.679167755569021e-05,0.1166212091391736,0.0312565552509006
2025-11-17,1.56345034459567e-05,3.5661763467942366e-05,0.1154906029728325,0.0254470002837479
2025-11-18,2.5682493893934104e-05,6.762228859467238e-05,0.1144026992673223,0.0303338829427957
2025-11-19,3.282903406266592e-05,-0.0008046810093219,0.1165650142677899,
2025-11-20,2.503630457795225e-05,,0.1145279486070979,
2025-11-21,,,0.1163102906535972,
2025-11-22,1.6155793397891904e-05,-3.411522196616266e-05,0.1143910088999704,0.0290975418280471
2025-11-23,1.6747783217485243e-05,3.344647830446917e-05,0.1128892876207828,0.0281626151843091
2025-11-24,,0.000102667043393,0.1151693179526112,0.0262232883475147
2025-11-25,1.7790047542465608e-05,-9.76425424316683e-06,0.1131154082038185,0.0274842196818569
2025-11-26,2.551675543145393e-05,-9.478168076863143e-05,0.1122362608259374,0.0261804320867739
2025-11-27,1.3198730172803153e-05,1.4070231540084503e-05,0.1131542927162213,0.0250847670116594
2025-11-28,1.4091251931390476e-05,9.132420032983644e-05,0.1125113575295968,0.0298019647598266
2025-11-29,,-5.01543809150462e-06,0.1153017058968544,0.0285804133862257
2025-11-30,2.204620812047257e-05,1.266965501219052e-05,0.1146855371242219,0.0266006123274564
2025-12-01,2.8357602704173505e-05,-5.314304210266776e-06,0.1152333919297565,0.028809896741922
2025-12-02,1.934581187324062e-05,0.0002609896900391,0.1139805409041318,0.0297271901447522
2025-12-03,2.4251090404244937e-05,-9.940060971573638e-07,0.1153246137906204,0.023227501128401
2025-12-04,,,0.1151086123829538,0.0329546704888343
2025-12-05,2.1399453284435102e-05,-7.20405902635927e-05,0.114667495259562,0.0308201033622026
2025-12-06,,,0.1154905525798147,
2025-12-07,1.968975189372251e-05,-1.1403449559958094e-06,0.1144909894601865,0.0290330474010922
2025-12-08,2.1537353758402685e-05,3.820460726777302e-05,0.1145265665921298,0.0268927781771008
2025-12-09,,,0.1157729415730996,
2025-12-10,2.195995029279192e-05,6.008991799304072e-05,0.1160664035515351,0.0268784170183017
2025-12-11,,,0.1152500370686704,
2025-12-12,1.557815803629672e-05,-7.320678867232208e-06,0.1139611061323772,0.0295302742414853
2025-12-13,2.579220364912709e-05,7.252286340425835e-05,0.1133238460529934,0.0287199938560233
2025-12-14,,,0.1164300331337885,0.0270552294214769
2025-12-15,1.688737059356634e-05,8.880854409198947e-07,0.1158022155815904,0.0259697513085686
2025-12-16,8.865629246063291e-06,-1.01356739850136e-06,0.1151800874282013,
2025-12-17,1.59612211092508e-05,5.266903817933851e-06,0.1156729007986458,0.0254359953274781
2025-12-18,2.701604637078356e-05,-9.384918003514244e-08,0.1143689396029168,0.0289050833005266
2025-12-19,,1.0501289580133744e-05,0.1136454173787073,0.0275822784751653
2025-12-20,,-3.238702746395055e-05,0.1135202335363084,0.0253036047291496
2025-12-21,,,0.1140057873814853,0.0252496496375118
2025-12-22,2.5408525339622025e-05,-8.805836729414896e-06,0.1157586737112565,0.0299491287801753
2025-12-23,2.181513562910758e-05,1.9024923823088977e-05,0.1146128946407274,0.029211518979007
2025-12-24,2.939086605887756e-05,1.2454613328293858e-06,0.1152037062428214,0.026730003124424
2025-12-25,1.7882233600002585e-05,5.143175597120055e-05,0.1151531238447536,0.0276438276978987
2025-12-26,2.5797453272389248e-05,7.888764876909027e-05,0.1148803262548013,0.0243577217624988
2025-12-27,5.666941433446482e-06,-0.0002761959112831,0.1131199281324039,
2025-12-28,2.271221998968428e-05,-3.895868472530613e-05,0.114384183219888,0.0240322441364137
2025-12-29,3.21857897205291e-05,4.020784439973113e-06,0.1145073000680316,0.0250488940504527
2025-12-30,2.4032968364432843e-05,6.788032793439116e-06,0.1145823024213314,0.0216487050056457
2025-12-31,,,0.113499260761521,
2026-01-01,,,0.1142284102737903,0.0269979344790472
2026-01-02,1.938280074089404e-05,4.2529307863827725e-05,0.1099034702913327,0.0264611057247276
2026-01-03,,0.0002115734932885,0.1114801345901055,0.0284076392916696
2026-01-04,1.7972923615161562e-05,2.030483874302893e-05,0.112538587979295,0.0282817268926723
2026-01-05,,-8.516218506635845e-06,0.1124102102761918,0.0247059369991932
2026-01-06,1.611950832563542e-05,3.139489759073163e-05,0.1124948081907941,0.02719669121628
2026-01-07,1.902511694424902e-05,-1.876698164043309e-05,0.114002463966608,
2026-01-08,2.739720437386157e-05,2.1079781940771785e-05,0.1134008414366028,0.0262623731756494
2026-01-09,2.6935072706432297e-05,-3.790064686157011e-05,0.113320811770179,0.0282392460246418
2026-01-10,,8.153323530925924e-05,0.1137880020520903,0.0259612247777672
2026-01-11,,,0.113731900467114,
2026-01-12,2.6884485467579343e-05,3.258685780853805e-05,0.1138752927834337,0.0282495746003656
2026-01-13,2.227526396449388e-05,3.78660637276577e-05,0.1134006937796419,0.0287610971006668
2026-01-14,1.7560746357503376e-05,2.55479753286636e-05,0.1117367920550433,0.0244844511095712
2026-01-15,,,0.1118543385104699,
2026-01-16,1.9298205946446007e-05,1.642222812753951e-05,0.1123036641966212,0.0261799352322246
2026-01-17,,-4.990626621292904e-05,0.1135893812911077,
2026-01-18,2.321606189070735e-05,0.0001446818760086,0.1133392438969828,0.0276762880384922
2026-01-19,2.2877899436934967e-05,4.260815781620408e-05,0.1143107160248539,0.0304121136144604
2026-01-20,,7.627540617249906e-05,0.1120297759094021,0.0215572084222609
2026-01-21,,,0.1125299784270199,
2026-01-22,,,0.1114987745467159,
2026-01-23,,,0.1120739976113492,
2026-01-24,5.320300721854841e-06,1.11747309502073e-05,0.1130328349769115,0.0284469756655968
2026-01-25,,-0.000106326831883,0.1139783082360571,0.0232464012224227
2026-01-26,,-4.061877240545934e-06,0.1115176551721312,0.0277275659297544
2026-01-27,,,0.1125762194395065,0.0296459362041531
2026-01-28,,,0.114661682261662,
2026-01-29,1.632406603788047e-05,-1.166706043258722e-05,0.1139175357466394,0.032304352975076
2026-01-30,1.879098191533792e-05,1.6271950492544557e-06,0.115047207406976,0.0307371652900026
2026-01-31,2.992526684205846e-05,3.7349763002881584e-05,0.1148336194455623,0.0295585334846159
2026-02-01,,,0.1139983034946701,0.0275011816993355
2026-02-02,,,0.1137555016035383,
2026-02-03,2.393822014710168e-05,1.351914475478111e-05,0.113759828900749,0.0286374007700942
2026-02-04,2.2679863868210016e-05,3.412479681486968e-05,0.1144395052709362,0.0281828102124955
2026-02-05,2.529291698140566e-05,7.190775350965042e-06,0.1152306898073716,0.0307631528154871
2026-02-06,1.3833319060626978e-05,3.864351927924352e-05,0.1138409012420611,0.0310065680151355
2026-02-07,,,0.1143092749749913,0.027791978791356
2026-02-08,4.574642662191764e-05,-0.0001085761195051,0.1143504425205967,0.030473662413318
2026-02-09,,0.000126178417607,0.1136431385847655,0.0288091526531121
2026-02-10,2.678405689948704e-05,5.567008966247687e-05,0.1141116332601417,0.0245363089171322
2026-02-11,6.762136292439079e-06,2.625916031798912e-05,0.111817093193531,0.0257681222496236
2026-02-12,,-0.0002383001252989,0.1136128395118496,0.0250899977982044
2026-02-13,,,0.1132093673402612,
2026-02-14,2.870151326312004e-05,4.470267196126088e-05,0.1117227563803846,0.0309251869718233
2026-02-15,1.6660176033138458e-05,0.0001028156314396,0.1119965574958107,0.0286263179818266
2026-02-16,1.465984175865742e-05,9.761811270436738e-06,0.1139762843197042,0.0293032301037951
2026-02-17,,-1.805986296983993e-05,0.1140282990580255,0.0255763099661895
2026-02-18,,,0.1140716319057074,0.0270246919244527
2026-02-19,1.8903770978795364e-05,2.091993357882732e-05,0.1116440626030618,0.0266707030809428
2026-02-20,2.359867429342038e-05,2.6742041923584608e-05,0.1106729933484034,0.0288755149114877
2026-02-21,,-4.2549588518644064e-05,0.1129164346239783,
2026-02-22,,,0.1136972390792586,
2026-02-23,,-0.000417346949689,0.1132346508549708,
2026-02-24,,,0.1133056957613338,
2026-02-25,2.713638362668765e-05,-1.3695720281248211e-05,0.1127882221882993,
2026-02-26,,-6.0999199478020375e-05,0.1131453742357817,0.0209439303725957
2026-02-27,2.1913570630463903e-05,5.000680912895692e-05,0.1123268224976279,0.0225347833356995
2026-02-28,,-0.0001319021276885,0.1130963878198103,0.0206250684956709
2026-03-01,2.021756730149112e-05,-6.055983845365925e-05,0.113986074924469,
2026-03-02,,,0.1151288968570735,
2026-03-03,2.349999561809692e-05,5.789416696228253e-06,0.1125510546971451,0.0261843136347392
2026-03-04,1.807796034231442e-05,1.3924048895811817e-05,0.1141435180198062,0.0259477800071829
2026-03-05,2.9497490686480887e-05,8.674974729469145e-05,0.1122750219296325,0.0268575147505891
2026-03-06,,9.444475290365516e-05,0.1151055772196162,
2026-03-07,3.705522249219939e-05,0.000156231717483,0.1150435182181271,0.0241811374823252
2026-03-08,1.2973737739230272e-05,-8.885782790457597e-05,0.1118366316390725,0.0268616838740152
2026-03-09,2.022821779771928e-05,2.428063799632416e-05,0.113161010837013,0.0310138358297396
2026-03-10,1.7557456041166525e-05,2.206631604023737e-05,0.1144382454454898,0.0302403185516595
2026-03-11,1.28782844140832e-05,6.99750451044373e-05,0.1126710785383527,0.0267744932323694
2026-03-12,1.959833873010264e-05,-3.488650750168964e-05,0.114558337832039,0.0260688225823369
2026-03-13,1.5880076979312793e-05,4.544092678891422e-06,0.1145493654364889,0.0258448477433894
2026-03-14,2.6851476061557675e-05,3.567056179917927e-05,0.1158253981308503,0.027447507540994
2026-03-15,1.8288395722265705e-05,-1.998954911204447e-06,0.1147194595499472,0.028705061022793
2026-03-16,2.755723121068017e-05,9.087140888652812e-06,0.1151658533649011,0.0284197685460365
2026-03-17,2.178044272416931e-05,1.6589798582976477e-05,0.1155827031894163,0.0281082799398823
2026-03-18,2.4871413579865894e-05,9.635942842789046e-06,0.1142731401053342,0.0269109502715884
2026-03-19,1.862446560792142e-05,1.7643442716095222e-05,0.112884123487906,0.0240425713003632
2026-03-20,,4.591202991832688e-05,0.1153068926524032,
2026-03-21,1.1397434318146576e-05,3.124312313755379e-05,0.113427774337205,0.0251238812692463
2026-03-22,2.057164471125361e-05,-1.8358469337429506e-05,0.1154995629055933,0.0258665960282087
2026-03-23,2.4208734136594173e-05,-1.5737273400162622e-05,0.116046159917658,0.0257434091877703
2026-03-24,,,0.1159910683604804,0.0252717569736497
2026-03-25,2.480285584027797e-05,6.514477085707207e-05,0.1167260054837573,0.0272982222780298
2026-03-26,,,0.1153680568391626,0.0271906293346546
2026-03-27,,-0.0001293494155921,0.1161121189734845,0.0291448702535978
2026-03-28,1.973502385226311e-05,3.470984749063583e-05,0.1164464806968515,0.0309321488542803
2026-03-29,3.1641792732413734e-05,7.138950495479464e-05,0.1172270499847152,0.0302022450166393
2026-03-30,2.7001151611329988e-05,0.000133116375454,0.1168696438047019,0.0259374626957386
2026-03-31,,,0.1169097336178476,
2026-04-01,2.3194338723442343e-05,-9.363401650644446e-05,0.117630681801926,0.0269678285079342
2026-04-02,2.9377814320873265e-05,0.0001129295315667,0.1185929152775894,0.0289152505248785
2026-04-03,2.3125643631580964e-05,0.0001406376707642,0.1176034978167577,0.0283764230416101
2026-04-04,2.3812581290864424e-05,8.943252026021523e-05,0.117831315100193,0.0261685255068269
2026-04-05,1.7969050129276107e-05,0.00023473679495,0.1181598360565575,0.0275614199658425
2026-04-06,2.686524221644504e-05,2.0380057379621906e-05,0.1173547727817838,0.0286384645927076
2026-04-07,2.850722146257268e-05,9.63279352101566e-05,0.1177199881185184,0.0293961943102044
2026-04-08,2.5351661371622377e-05,-3.284378933155519e-05,0.1179159128530459,0.0250067326619669
2026-04-09,3.371634117380987e-05,-4.274004477261091e-05,0.1177803931588476,0.0291496028226834
2026-04-10,1.8388218791187683e-05,2.755389001170745e-05,0.1176718524911187,0.0298593933028834
2026-04-11,2.2009114824565284e-05,0.00015642784291,0.1189816603606397,0.0329940248376283
2026-04-12,1.359166697056935e-05,3.40367367481003e-06,0.1169368002253274,
2026-04-13,1.9840436979148e-05,1.472144582174216e-05,0.1173072922636162,0.0275030097976889
2026-04-14,2.1475938638104708e-05,8.387756996835007e-05,0.1154398137872869,0.0260694878003031
2026-04-15,1.98440994009533e-05,3.985861770615884e-05,0.1159681875597346,0.0268903803926977
2026-04-16,1.6804942131582517e-05,0.0001117377534525,0.1165676803751425,0.025765440116326
2026-04-17,1.759119274482851e-05,0.0001398473982568,0.1159445388073271,0.0246810880404981
2026-04-18,2.1298984921163685e-05,8.377419835950013e-05,0.1170877230438319,0.0270562869581309
2026-04-19,1.554106783239397e-05,-1.0951708645023928e-05,0.1179944703524762,0.0277166567929089
2026-04-20,2.5734865442085788e-05,-1.4349324441422208e-06,0.1184397142719138,0.0276896173029013
2026-04-21,2.418116361724288e-05,0.000237332505006,0.1171116751026023,0.0278375984874562
2026-04-22,,,0.1160596404563296,
2026-04-23,1.4429674105745755e-05,1.2971786930840666e-05,0.1157137796282768,0.0271938864607363
2026-04-24,1.662689299095632e-05,3.940714299651997e-05,0.117228163304654,0.0280330005186525
2026-04-25,2.666076865317372e-05,1.4321698305745182e-05,0.1180057609623128,0.0289781820367683
2026-04-26,2.166796722990318e-05,4.860489258468826e-05,0.1172345426272262,0.0258668895918302
2026-04-27,4.677547622122802e-06,-3.902029778725012e-06,0.1154946878552436,0.0235841075579325
2026-04-28,2.8973233773805468e-05,8.796093544782257e-05,0.116360616152999,0.0277891578152775
2026-04-29,2.2026662145198845e-05,-2.971020914109041e-05,0.1168958250094543,0.028397498037666
2026-04-30,1.8092824055721784e-05,0.0001105926320532,0.1157070048830725,0.0248848747076659
2026-05-01,1.7378308585429743e-05,0.0001195430185574,0.1155179990286176,0.0242177401212792
2026-05-02,2.247497051375204e-05,0.0001580297535403,0.1161256436597217,0.0234861880857146
2026-05-03,1.851237935568406e-05,3.170901093833086e-05,0.1158957436003468,0.0244414855314548
2026-05-04,2.941113449328057e-05,1.6570186565359386e-05,0.1180036980320106,0.027951671308515
2026-05-05,2.0964228662540503e-05,,,0.0276432772671137
2026-05-06,2.704092228510569e-05,0.0002373501579443,0.1186328309503468,0.0262549538673325
2026-05-07,2.518524289456536e-05,2.1127146725451565e-05,0.118219152634794,0.0274375598713919
2026-05-08,2.079801466570276e-05,0.0001849037617623,0.116024611280723,0.0269573298948151
2026-05-09,2.984769800277121e-05,6.099976654209164e-05,0.1173110613091425,0.0280150549056438
2026-05-10,1.98467829417687e-05,6.680388317943325e-05,0.1170555226504802,0.0291651618097303
2026-05-11,2.1051243423980418e-05,0.0001374132456551,0.1152753577313639,0.0283842378211292
2026-05-12,2.074958408431687e-05,0.0001469874503561,0.1143576882779598,0.0260805183464718
2026-05-13,2.3512216957678024e-05,0.0002020636346378,0.1153622946278615,0.027910072095344
2026-05-14,2.2526322285464908e-05,0.0001422137902816,0.114681424345912,0.0257662844657897
2026-05-15,2.7006136867423498e-05,4.253818345508383e-05,0.1163896198977123,0.0276844401928511
2026-05-16,3.242542940900724e-05,0.0001204977019774,0.1162292942404747,0.0267368740982042
2026-05-17,2.0418679418475625e-05,5.822890445372764e-05,0.1153661862693049,0.0259666802490701
2026-05-18,1.955928991849629e-05,8.014363073399229e-05,0.1161344704302874,0.0232169017152384
2026-05-19,2.131307519448456e-05,0.0001722274950415,0.1146841950714588,0.0256178500977429
2026-05-20,1.9801218383820795e-05,2.6276233273035488e-05,0.1162728555500507,0.0292986959557641
2026-05-21,2.3539326274992243e-05,4.266269633265006e-05,0.1165631849657405,0.0296143670167241
2026-05-22,4.1774805140448734e-05,-2.7960175030885795e-05,0.1158156071196902,0.0303708256824928
2026-05-23,2.564996621189568e-05,8.693436991409247e-05,0.1181922036138447,0.0320246490012658
2026-05-24,2.363837653060078e-05,6.146291371973539e-05,0.1170109265229918,0.0309864062232425
2026-05-25,2.862603505491279e-05,5.12562759240609e-05,0.1171330793337388,0.02866584958859
2026-05-26,2.2555599273552863e-05,8.389987319058065e-06,0.1160652776333418,0.0262468626441539
2026-05-27,3.368123276838257e-05,0.0001457840549557,0.1168165967545726,0.0302377122764786
2026-05-28,2.2839716260430828e-05,-2.266909203632256e-05,0.118321476673538,0.0294407054294492
2026-05-29,2.211946444551785e-05,9.327149551524474e-05,0.1193162788721648,0.0316748655278165
2026-05-30,2.3433288333762903e-05,0.0001612243869593,0.1171496956560172,0.0309466657228767
2026-05-31,2.2350801461837e-05,6.718822389164258e-05,0.1166603480550375,0.0277717383860638
2026-06-01,2.6574391950798955e-05,-2.3870970349604497e-05,0.1167129361494021,0.029115859384614
2026-06-02,2.3160031586437406e-05,9.733222103671207e-06,0.1166415060108358,0.0299018542326632
2026-06-03,2.075077914797364e-05,-1.4146137868081095e-05,0.1142282070761377,0.0270420389588583
2026-06-04,1.872580878407112e-05,1.1531457064186477e-05,0.1165310161357576,0.0282268823227948
2026-06-05,2.6742060130815053e-05,3.900301571690345e-06,0.1172438242218711,0.0285775229504162
2026-06-06,2.5714234118505013e-05,-2.841897491012596e-05,0.1168739929795265,0.0286607393108814
2026-06-07,3.178142198472435e-05,3.178336301061791e-05,0.1164326539093797,0.0270774105425786
2026-06-08,3.354695521933921e-05,0.0002978028989384,0.1180729788812724,0.0299379156041209
2026-06-09,2.8079467070214875e-05,7.35094319349049e-05,0.11797175522555,0.0310161557048559
2026-06-10,2.6681585319131367e-05,0.0002450828216526,0.1183159963651137,0.030268678100596
2026-06-11,2.4432664171193743e-05,9.457566025722136e-05,0.1175080323083834,0.0310298925740461
2026-06-12,,-8.741648052819073e-05,0.1120929976755922,0.0239477222785353
2026-06-13,2.39365349126422e-05,7.807905717357638e-05,0.1110016124492341,0.0262844071905944
2026-06-14,2.430628402281501e-05,0.0001186397145068,0.1100274014879356,0.0289091871267086
2026-06-15,2.242846543957192e-05,9.374427936847952e-05,0.1129090230127698,0.0284340083017013
2026-06-16,2.292454909977912e-05,0.0001411329791649,0.1148094555871053,0.0304279574062501
2026-06-17,3.030838967748897e-05,6.689128697685827e-05,0.1157368011772632,0.0279539359011212
2026-06-18,2.354073898004572e-05,0.0001602882147357,0.1174618278714743,0.029958049984318
2026-06-19,3.180914527980522e-05,0.0002522975469511,0.1169008450751954,0.0282010131408102
2026-06-20,2.08733757156959e-05,0.0001540357740704,0.1182282453910871,0.0287770264866677
2026-06-21,2.921637976462741e-05,3.876215251030424e-05,0.1192131219939752,0.0325074208518251
2026-06-22,2.887758977848511e-05,1.979081055890412e-05,0.1181808130984956,0.0304452247156571
2026-06-23,,5.060391446489264e-05,0.1165533711964433,0.0308441381575991
2026-06-24,2.589813144683061e-05,5.9438276680182375e-05,0.1150281206450679,0.0323039897865502
2026-06-25,2.147037542142373e-05,0.0001698643178315,0.115406653217294,0.0289335824718529
2026-06-26,1.9849894653345e-05,-4.030010154010819e-06,0.1144088746471838,0.0272332018551727
2026-06-27,1.8277999568174265e-05,-2.357565230900386e-07,0.1122249868105758,0.0264836960556832
2026-06-28,2.5033826006782164e-05,0.0001613888843903,0.1135299291800368,0.0290307695338246
2026-06-29,3.5056494686648e-05,1.252604415020125e-05,0.1143612782386216,0.0266250281404423
2026-06-30,3.4735345368310595e-05,0.0001425208077565,0.1172119236127896,0.0286654074183281
2026-07-01,3.0812881340488216e-05,0.0001009679405653,0.1152767343936782,0.0278448374010622
2026-07-02,2.829395701263165e-05,3.9057977955963e-05,0.1156967022202231,0.0311204534998842
2026-07-03,3.4681253490565184e-05,9.760698943691317e-05,0.1169466140595349,0.0296947066775626
2026-07-04,2.9749950249947427e-05,0.0001259909513512,0.1176474929533221,0.0302174114368178
2026-07-05,2.3882520666950807e-05,9.970460846434216e-05,0.1158913374624469,0.0290004927492528
2026-07-06,2.8157788841554064e-05,,,0.0273322319103912
2026-07-07,2.606023132061688e-05,4.932787202177328e-06,0.1163384029133753,0.0274408452352073
2026-07-08,3.7788852084001215e-05,-1.6130675349914883e-05,0.1178194308145479,0.0305543033122692
2026-07-09,4.1434930430430384e-05,-6.35446607004563e-05,0.1189085185527801,0.0310013082207125
2026-07-10,4.225047720161833e-05,-1.95286933058531e-05,0.1186214618384838,0.0332635789902673
2026-07-11,4.219222128785287e-05,-0.0001399290518631,0.1173984096808867,0.0329158181128533
2026-07-12,5.006291567264182e-05,0.0001357246273133,0.1159500451927835,0.0339508452155488
2026-07-13,3.165695471114127e-05,3.913101792740227e-05,0.1179855214601213,0.0325401234349199
2026-07-14,3.5249225841956404e-05,5.057970664217356e-05,0.1170255115086382,0.0350371758578364
2026-07-15,3.313189630039973e-05,4.680275052591024e-05,0.1170469512316313,0.0284404311025021
2026-07-16,3.149626301225138e-05,0.0001096699647938,0.1160082164813171,0.0311383311141361
2026-07-17,3.544354272039468e-05,7.602114976634766e-06,0.115384887997061,0.0334867985749786
2026-07-18,2.906690962292855e-05,2.277910672769205e-05,0.1158362346616658,0.0316003124273958
2026-07-19,3.097746259389865e-05,-3.848078455910701e-06,0.1175953808155926,0.0295673776822893
2026-07-20,2.980876935410823e-05,1.0799475660974168e-05,0.115033779699694,0.0316777852399704
2026-07-21,2.3833454877986745e-05,1.5772336835385814e-05,0.1129482221196998,0.032492880123081
2026-07-22,2.248004358674545e-05,-0.0001006181482639,0.113426901129159,0.0285686564814184
2026-07-23,2.255629755293229e-05,7.564391745322139e-05,0.1157965536144646,0.0313320185057818
2026-07-24,2.168741339161864e-05,6.786040893075551e-05,0.1164482059803876,0.0277303744364401
2026-07-25,4.057509291587022e-05,-1.1782820671545449e-05,0.1192030790177258,0.0315706780076854
2026-07-26,3.673065643502364e-05,0.0002822942862784,0.1206603126769716,0.0317183772175766
2026-07-27,2.826770977898613e-05,-5.471160979758587e-05,0.1191784890537912,0.0328455454658103
2026-07-28,2.239879649231567e-05,3.682170655996868e-05,0.1196608042852445,0.0314881377118198
2026-07-29,2.390357593340971e-05,3.206833006537611e-05,0.1200780503451824,0.0323371544004754
2026-07-30,3.257125250557793e-05,6.777040543046825e-05,0.120403329282999,0.0379711691724154
2026-07-31,2.524042735590878e-05,2.767127656568391e-05,0.1199683561921119,0.0336160577461123
2026-08-01,2.9733187746291825e-05,4.310600734414656e-05,0.1203069928017529,0.0350401663644747
2026-08-02,2.3983581776029987e-05,-4.307172694441177e-05,0.1200703329273632,0.0352820654104395
2026-08-03,2.6857335842578323e-05,-2.5988486513223543e-05,0.1195362926884131,0.0342362278056415
2026-08-04,2.85015491416826e-05,-2.6539940175373404e-05,0.1178076777945865,0.0339069038752343
2026-08-05,2.789707411236112e-05,4.365978478772717e-05,0.1189509610560807,0.03011140507569
2026-08-06,2.540446139391861e-05,6.525988923537322e-05,0.1202494297515262,0.0283709243974751
2026-08-07,2.4588722803619257e-05,0.0001858770287526,0.1209937111220576,0.0299812135935732
2026-08-08,3.5061380822298814e-05,0.0003138224872866,0.1213552900336005,0.0331001281922701
2026-08-09,2.877862936690724e-05,0.0002124269504438,0.1219187215647914,0.0314841804268596
2026-08-10,3.349488546129058e-05,9.8317193313439e-05,0.1210674855519424,0.0311807414605503
2026-08-11,2.8191610390767663e-05,-5.43384639058786e-05,0.1212051756002686,0.0311881430873957
2026-08-12,2.7753898774046154e-05,5.438321150822131e-05,0.1199514722282236,0.0332120050969597
2026-08-13,3.907946543005805e-05,0.000107813799772,0.1168964959681034,0.0368286348193099
2026-08-14,3.053825128604547e-05,-1.0991841716329672e-07,0.1180246441879055,0.0344155998710466
2026-08-15,2.3340191747732977e-05,-9.420399479772048e-06,0.118686389719898,0.0353163551808018
2026-08-16,3.533316533510103e-05,2.9401039446177243e-05,0.1182998592880639,0.0345065539157149
2026-08-17,1.9648888016692785e-05,7.566268421517937e-05,0.1208138906142928,0.0353486557124239
2026-08-18,3.925233393905122e-05,-2.841769821606104e-05,0.1217986310085097,0.0352485910803079
2026-08-19,3.162473590236914e-05,4.8123868509719614e-05,0.120905586738478,0.0360711533850168
2026-08-20,2.9517380357901857e-05,0.000106539575654,0.1215214085849848,0.0337889195089378
2026-08-21,3.244813222087995e-05,9.77989998176554e-05,0.1233201624994928,0.031044748318554
2026-08-22,2.814320894671802e-05,2.75223905007876e-05,0.1212666955183852,0.0343747433105652
2026-08-23,3.354097051588625e-05,-9.597409379942045e-05,0.1205015196718952,0.033059038741644
2026-08-24,4.088952491121531e-05,0.0001171071442316,0.1209649390795014,0.0337684975214758
