date,feature_index,O3
2025-08-25T00:00:00.000Z,0,0.1167105806144801
2025-08-26T00:00:00.000Z,0,0.11513456790284678
2025-08-27T00:00:00.000Z,0,0.11617464199662209
2025-08-24T00:00:00.000Z,0,
2025-09-20T00:00:00.000Z,0,
2025-09-16T00:00:00.000Z,0,0.11590847326442599
2025-09-18T00:00:00.000Z,0,0.11518736508759585
2025-09-15T00:00:00.000Z,0,0.11563691747459498
2025-09-14T00:00:00.000Z,0,0.115263836288994
2025-09-19T00:00:00.000Z,0,0.11181531914255836
2025-09-13T00:00:00.000Z,0,0.11506228982047602
2025-09-17T00:00:00.000Z,0,0.11500483175570314
2025-09-30T00:00:00.000Z,0,
2025-10-01T00:00:00.000Z,0,0.1126291424036026
2025-10-02T00:00:00.000Z,0,0.11529852909610626
2025-10-06T00:00:00.000Z,0,0.11824144863269546
2025-10-04T00:00:00.000Z,0,0.11480037705464796
2025-10-03T00:00:00.000Z,0,0.11605711789293723
2025-10-05T00:00:00.000Z,0,0.11598341329531237
2025-09-29T00:00:00.000Z,0,0.11599186116998846
2025-11-06T00:00:00.000Z,0,0.11294174004684795
2025-11-03T00:00:00.000Z,0,0.1161379208167394
2025-11-05T00:00:00.000Z,0,0.11636526720090345
2025-10-31T00:00:00.000Z,0,0.11500583480704915
2025-11-02T00:00:00.000Z,0,0.11546493768692016
2025-11-04T00:00:00.000Z,0,0.11448149992661043
2025-11-07T00:00:00.000Z,0,0.11482015096328475
2025-11-01T00:00:00.000Z,0,0.11504013484174555
2026-01-01T00:00:00.000Z,0,0.11422841027379035
2025-12-29T00:00:00.000Z,0,0.11450730006803166
2026-01-02T00:00:00.000Z,0,0.10990347029133277
2025-12-28T00:00:00.000Z,0,0.114384183219888
2025-12-30T00:00:00.000Z,0,0.11458230242133141
2025-12-31T00:00:00.000Z,0,0.11349926076152107
2025-12-26T00:00:00.000Z,0,0.11488032625480131
2025-12-27T00:00:00.000Z,0,0.11311992813240399
2026-02-14T00:00:00.000Z,0,0.11172275638038462
2026-02-13T00:00:00.000Z,0,0.11320936734026128
2026-02-16T00:00:00.000Z,0,0.11397628431970423
2026-02-19T00:00:00.000Z,0,0.11164406260306185
2026-02-18T00:00:00.000Z,0,0.11407163190570745
2026-02-15T00:00:00.000Z,0,0.11199655749581076
2026-02-12T00:00:00.000Z,0,0.11361283951184967
2026-02-17T00:00:00.000Z,0,0.11402829905802553
2026-05-06T00:00:00.000Z,0,0.11863283095034687
2026-05-03T00:00:00.000Z,0,0.11589574360034682
2026-05-04T00:00:00.000Z,0,0.11800369803201069
2026-05-05T00:00:00.000Z,0,
2025-09-08T00:00:00.000Z,0,0.11208193085410378
2025-09-10T00:00:00.000Z,0,0.11557417423887686
2025-09-12T00:00:00.000Z,0,0.11455067165873267
2025-09-11T00:00:00.000Z,0,0.11575256857005033
2025-09-06T00:00:00.000Z,0,0.11306372772563587
2025-09-07T00:00:00.000Z,0,0.11316756186160175
2025-09-09T00:00:00.000Z,0,0.11475628702477976
2025-09-05T00:00:00.000Z,0,0.11339639845219525
2025-10-18T00:00:00.000Z,0,0.11869396628303962
2025-10-19T00:00:00.000Z,0,0.11626679335128177
2025-10-22T00:00:00.000Z,0,0.11828373690897769
2025-10-16T00:00:00.000Z,0,0.11980213197794827
2025-10-20T00:00:00.000Z,0,0.11593824252486229
2025-10-15T00:00:00.000Z,0,0.11784028939225456
2025-10-21T00:00:00.000Z,0,0.11931646181778474
2025-10-17T00:00:00.000Z,0,0.11890536627986215
2025-11-20T00:00:00.000Z,0,0.11452794860709797
2025-11-19T00:00:00.000Z,0,0.11656501426778991
2025-11-17T00:00:00.000Z,0,0.11549060297283259
2025-11-22T00:00:00.000Z,0,0.11439100889997049
2025-11-23T00:00:00.000Z,0,0.11288928762078285
2025-11-18T00:00:00.000Z,0,0.11440269926732237
2025-11-21T00:00:00.000Z,0,0.11631029065359723
2025-11-16T00:00:00.000Z,0,0.11662120913917368
2026-01-17T00:00:00.000Z,0,0.1135893812911077
2026-01-15T00:00:00.000Z,0,0.11185433851046996
2026-01-11T00:00:00.000Z,0,0.11373190046711401
2026-01-14T00:00:00.000Z,0,0.1117367920550433
2026-01-13T00:00:00.000Z,0,0.11340069377964193
2026-01-16T00:00:00.000Z,0,0.11230366419662129
2026-01-18T00:00:00.000Z,0,0.11333924389698288
2026-01-12T00:00:00.000Z,0,0.11387529278343374
2026-06-22T00:00:00.000Z,0,0.11818081309849565
2026-06-26T00:00:00.000Z,0,0.11440887464718386
2026-06-20T00:00:00.000Z,0,0.1182282453910871
2026-06-21T00:00:00.000Z,0,0.1192131219939752
2026-06-27T00:00:00.000Z,0,0.11222498681057583
2026-06-23T00:00:00.000Z,0,0.11655337119644338
2026-06-24T00:00:00.000Z,0,0.11502812064506791
2026-06-25T00:00:00.000Z,0,0.115406653217294
2026-07-21T00:00:00.000Z,0,0.11294822211969982
2026-07-15T00:00:00.000Z,0,0.11704695123163136
2026-07-20T00:00:00.000Z,0,0.11503377969969403
2026-07-17T00:00:00.000Z,0,0.11538488799706101
2026-07-16T00:00:00.000Z,0,0.11600821648131718
2026-07-14T00:00:00.000Z,0,0.11702551150863821
2026-07-19T00:00:00.000Z,0,0.11759538081559268
2026-07-18T00:00:00.000Z,0,0.11583623466166583
2025-11-30T00:00:00.000Z,0,0.11468553712422197
2025-11-26T00:00:00.000Z,0,0.11223626082593745
2025-11-25T00:00:00.000Z,0,0.11311540820381859
2025-11-28T00:00:00.000Z,0,0.11251135752959684
2025-11-29T00:00:00.000Z,0,0.1153017058968544
2025-12-01T00:00:00.000Z,0,0.11523339192975651
2025-11-27T00:00:00.000Z,0,0.11315429271622138
2025-11-24T00:00:00.000Z,0,0.11516931795261123
2026-02-25T00:00:00.000Z,0,0.11278822218829936
2026-02-23T00:00:00.000Z,0,0.11323465085497089
2026-02-24T00:00:00.000Z,0,0.11330569576133381
2026-02-26T00:00:00.000Z,0,0.11314537423578176
2026-02-22T00:00:00.000Z,0,0.11369723907925866
2026-02-21T00:00:00.000Z,0,0.11291643462397835
2026-02-20T00:00:00.000Z,0,0.11067299334840341
2026-02-27T00:00:00.000Z,0,0.11232682249762795
2025-09-25T00:00:00.000Z,0,0.11298625550486825
2025-09-27T00:00:00.000Z,0,0.11658227673985741
2025-09-23T00:00:00.000Z,0,0.11341061429543929
2025-09-24T00:00:00.000Z,0,0.11277139125899835
2025-09-21T00:00:00.000Z,0,0.11306719387119467
2025-09-22T00:00:00.000Z,0,0.1135210430757566
2025-09-28T00:00:00.000Z,0,0.11685422272844748
2025-09-26T00:00:00.000Z,0,0.11402871723879468
2026-02-04T00:00:00.000Z,0,0.11443950527093627
2026-02-05T00:00:00.000Z,0,0.11523068980737165
2026-02-11T00:00:00.000Z,0,0.11181709319353103
2026-02-06T00:00:00.000Z,0,0.1138409012420611
2026-02-09T00:00:00.000Z,0,0.11364313858476552
2026-02-07T00:00:00.000Z,0,0.1143092749749913
2026-02-08T00:00:00.000Z,0,0.11435044252059677
2026-02-10T00:00:00.000Z,0,0.11411163326014172
2026-05-08T00:00:00.000Z,0,0.11602461128072306
2026-05-10T00:00:00.000Z,0,0.11705552265048028
2026-05-07T00:00:00.000Z,0,0.11821915263479406
2026-05-09T00:00:00.000Z,0,0.11731106130914255
2026-07-09T00:00:00.000Z,0,0.11890851855278015
2026-07-10T00:00:00.000Z,0,0.11862146183848381
2026-07-07T00:00:00.000Z,0,0.11633840291337534
2026-07-08T00:00:00.000Z,0,0.11781943081454797
2026-07-11T00:00:00.000Z,0,0.1173984096808867
2026-07-13T00:00:00.000Z,0,0.11798552146012133
2026-07-06T00:00:00.000Z,0,
2026-07-12T00:00:00.000Z,0,0.11595004519278353
2026-03-26T00:00:00.000Z,0,0.11536805683916265
2026-03-30T00:00:00.000Z,0,0.1168696438047019
2026-03-24T00:00:00.000Z,0,0.1159910683604804
2026-03-31T00:00:00.000Z,0,0.11690973361784762
2026-03-28T00:00:00.000Z,0,0.11644648069685155
2026-03-27T00:00:00.000Z,0,0.11611211897348458
2026-03-25T00:00:00.000Z,0,0.11672600548375736
2026-03-29T00:00:00.000Z,0,0.1172270499847152
2026-03-03T00:00:00.000Z,0,0.11255105469714512
2026-03-05T00:00:00.000Z,0,0.11227502192963254
2026-03-06T00:00:00.000Z,0,0.11510557721961628
2026-03-02T00:00:00.000Z,0,0.11512889685707355
2026-03-01T00:00:00.000Z,0,0.113986074924469
2026-03-04T00:00:00.000Z,0,0.11414351801980625
2026-02-28T00:00:00.000Z,0,0.11309638781981035
2026-03-07T00:00:00.000Z,0,0.11504351821812717
2026-07-31T00:00:00.000Z,0,0.11996835619211196
2026-08-01T00:00:00.000Z,0,0.12030699280175296
2026-08-06T00:00:00.000Z,0,0.12024942975152622
2026-07-30T00:00:00.000Z,0,0.12040332928299904
2026-08-04T00:00:00.000Z,0,0.11780767779458653
2026-08-05T00:00:00.000Z,0,0.11895096105608073
2026-08-02T00:00:00.000Z,0,0.12007033292736326
2026-08-03T00:00:00.000Z,0,0.1195362926884131
2025-10-11T00:00:00.000Z,0,0.11429333950985562
2025-10-12T00:00:00.000Z,0,0.11340515870939602
2025-10-14T00:00:00.000Z,0,0.11754725853150541
2025-10-09T00:00:00.000Z,0,0.11840424083850601
2025-10-13T00:00:00.000Z,0,0.11702387807044116
2025-10-10T00:00:00.000Z,0,0.1165639219636267
2025-10-07T00:00:00.000Z,0,0.12062399705702609
2025-10-08T00:00:00.000Z,0,0.11833584349263798
2026-01-23T00:00:00.000Z,0,0.11207399761134929
2026-01-25T00:00:00.000Z,0,0.1139783082360571
2026-01-19T00:00:00.000Z,0,0.11431071602485397
2026-01-21T00:00:00.000Z,0,0.11252997842701999
2026-01-22T00:00:00.000Z,0,0.11149877454671595
2026-01-26T00:00:00.000Z,0,0.11151765517213127
2026-01-20T00:00:00.000Z,0,0.11202977590940215
2026-01-24T00:00:00.000Z,0,0.11303283497691155
2026-03-19T00:00:00.000Z,0,0.11288412348790602
2026-03-16T00:00:00.000Z,0,0.11516585336490111
2026-03-21T00:00:00.000Z,0,0.11342777433720502
2026-03-22T00:00:00.000Z,0,0.11549956290559335
2026-03-23T00:00:00.000Z,0,0.11604615991765803
2026-03-20T00:00:00.000Z,0,0.11530689265240322
2026-03-17T00:00:00.000Z,0,0.11558270318941637
2026-03-18T00:00:00.000Z,0,0.1142731401053342
2026-07-28T00:00:00.000Z,0,0.1196608042852445
2026-07-24T00:00:00.000Z,0,0.1164482059803876
2026-07-25T00:00:00.000Z,0,0.11920307901772585
2026-07-26T00:00:00.000Z,0,0.12066031267697161
2026-07-22T00:00:00.000Z,0,0.11342690112915906
2026-07-29T00:00:00.000Z,0,0.12007805034518242
2026-07-23T00:00:00.000Z,0,0.11579655361446467
2026-07-27T00:00:00.000Z,0,0.11917848905379122
2025-09-03T00:00:00.000Z,0,0.1145643650130792
2025-09-04T00:00:00.000Z,0,0.11296143213456328
2025-09-02T00:00:00.000Z,0,0.11369647620753809
2025-08-29T00:00:00.000Z,0,0.11275384107773954
2025-08-30T00:00:00.000Z,0,0.11504374634135853
2025-08-28T00:00:00.000Z,0,0.11398354281078685
2025-08-31T00:00:00.000Z,0,0.11620509257199059
2025-09-01T00:00:00.000Z,0,0.11515109776095911
2025-10-27T00:00:00.000Z,0,0.11673881404779174
2025-10-23T00:00:00.000Z,0,0.11676771186969497
2025-10-29T00:00:00.000Z,0,0.11616626314141533
2025-10-26T00:00:00.000Z,0,0.11697495992888104
2025-10-28T00:00:00.000Z,0,0.11395863125270063
2025-10-30T00:00:00.000Z,0,0.11629593528129838
2025-10-25T00:00:00.000Z,0,0.11517545255747709
2025-10-24T00:00:00.000Z,0,0.11665590073574673
2025-12-15T00:00:00.000Z,0,0.11580221558159048
2025-12-10T00:00:00.000Z,0,0.11606640355153518
2025-12-16T00:00:00.000Z,0,0.11518008742820132
2025-12-17T00:00:00.000Z,0,0.11567290079864588
2025-12-12T00:00:00.000Z,0,0.11396110613237728
2025-12-13T00:00:00.000Z,0,0.11332384605299342
2025-12-11T00:00:00.000Z,0,0.11525003706867044
2025-12-14T00:00:00.000Z,0,0.11643003313378854
2026-05-02T00:00:00.000Z,0,0.11612564365972172
2026-04-26T00:00:00.000Z,0,0.11723454262722623
2026-04-25T00:00:00.000Z,0,0.11800576096231287
2026-05-01T00:00:00.000Z,0,0.11551799902861769
2026-04-27T00:00:00.000Z,0,0.11549468785524368
2026-04-29T00:00:00.000Z,0,0.11689582500945438
2026-04-30T00:00:00.000Z,0,0.11570700488307259
2026-04-28T00:00:00.000Z,0,0.11636061615299904
2026-07-02T00:00:00.000Z,0,0.11569670222022317
2026-07-04T00:00:00.000Z,0,0.11764749295332215
2026-07-03T00:00:00.000Z,0,0.11694661405953494
2026-07-01T00:00:00.000Z,0,0.1152767343936782
2026-06-29T00:00:00.000Z,0,0.11436127823862162
2026-06-30T00:00:00.000Z,0,0.11721192361278968
2026-07-05T00:00:00.000Z,0,0.11589133746244691
2026-06-28T00:00:00.000Z,0,0.11352992918003689
2026-08-24T00:00:00.000Z,0,0.12096493907950141
2026-08-23T00:00:00.000Z,0,0.12050151967189529
2026-05-21T00:00:00.000Z,0,0.11656318496574056
2026-05-19T00:00:00.000Z,0,0.11468419507145881
2026-05-23T00:00:00.000Z,0,0.11819220361384479
2026-05-25T00:00:00.000Z,0,0.11713307933373884
2026-05-26T00:00:00.000Z,0,0.11606527763334187
2026-05-20T00:00:00.000Z,0,0.11627285555005074
2026-05-22T00:00:00.000Z,0,0.11581560711969029
2026-05-24T00:00:00.000Z,0,0.11701092652299187
2025-12-19T00:00:00.000Z,0,0.11364541737870737
2025-12-23T00:00:00.000Z,0,0.11461289464072748
2025-12-18T00:00:00.000Z,0,0.11436893960291689
2025-12-25T00:00:00.000Z,0,0.11515312384475361
2025-12-21T00:00:00.000Z,0,0.11400578738148533
2025-12-24T00:00:00.000Z,0,0.11520370624282143
2025-12-20T00:00:00.000Z,0,0.11352023353630847
2025-12-22T00:00:00.000Z,0,0.11575867371125655
2026-01-03T00:00:00.000Z,0,0.11148013459010557
2026-01-04T00:00:00.000Z,0,0.11253858797929504
2026-01-06T00:00:00.000Z,0,0.11249480819079413
2026-01-10T00:00:00.000Z,0,0.11378800205209039
2026-01-07T00:00:00.000Z,0,0.11400246396660804
2026-01-08T00:00:00.000Z,0,0.11340084143660285
2026-01-05T00:00:00.000Z,0,0.11241021027619189
2026-01-09T00:00:00.000Z,0,0.11332081177017905
2026-04-06T00:00:00.000Z,0,0.11735477278178388
2026-04-02T00:00:00.000Z,0,0.11859291527758944
2026-04-05T00:00:00.000Z,0,0.11815983605655757
2026-04-04T00:00:00.000Z,0,0.11783131510019303
2026-04-08T00:00:00.000Z,0,0.1179159128530459
2026-04-01T00:00:00.000Z,0,0.11763068180192601
2026-04-03T00:00:00.000Z,0,0.11760349781675772
2026-04-07T00:00:00.000Z,0,0.11771998811851848
2026-04-21T00:00:00.000Z,0,0.11711167510260236
2026-04-20T00:00:00.000Z,0,0.11843971427191388
2026-04-19T00:00:00.000Z,0,0.11799447035247629
2026-04-22T00:00:00.000Z,0,0.11605964045632969
2026-04-18T00:00:00.000Z,0,0.11708772304383191
2026-04-17T00:00:00.000Z,0,0.1159445388073271
2026-04-24T00:00:00.000Z,0,0.11722816330465403
2026-04-23T00:00:00.000Z,0,0.11571377962827682
2025-11-10T00:00:00.000Z,0,0.11440925577824766
2025-11-14T00:00:00.000Z,0,0.1151053739542311
2025-11-12T00:00:00.000Z,0,0.1155259563841603
2025-11-08T00:00:00.000Z,0,0.11611915454268455
2025-11-09T00:00:00.000Z,0,0.11625261069698767
2025-11-13T00:00:00.000Z,0,0.11366964768279683
2025-11-11T00:00:00.000Z,0,0.11494785140861165
2025-11-15T00:00:00.000Z,0,0.11558907397768714
2025-12-04T00:00:00.000Z,0,0.11510861238295382
2025-12-05T00:00:00.000Z,0,0.11466749525956206
2025-12-02T00:00:00.000Z,0,0.1139805409041318
2025-12-06T00:00:00.000Z,0,0.11549055257981473
2025-12-09T00:00:00.000Z,0,0.11577294157309966
2025-12-08T00:00:00.000Z,0,0.1145265665921298
2025-12-03T00:00:00.000Z,0,0.11532461379062045
2025-12-07T00:00:00.000Z,0,0.11449098946018653
2026-02-03T00:00:00.000Z,0,0.11375982890074904
2026-02-01T00:00:00.000Z,0,0.11399830349467018
2026-01-31T00:00:00.000Z,0,0.11483361944556236
2026-01-28T00:00:00.000Z,0,0.11466168226166205
2026-01-29T00:00:00.000Z,0,0.11391753574663943
2026-02-02T00:00:00.000Z,0,0.11375550160353834
2026-01-27T00:00:00.000Z,0,0.11257621943950653
2026-01-30T00:00:00.000Z,0,0.11504720740697601
2026-03-08T00:00:00.000Z,0,0.11183663163907252
2026-03-09T00:00:00.000Z,0,0.11316101083701308
2026-03-12T00:00:00.000Z,0,0.11455833783203906
2026-03-10T00:00:00.000Z,0,0.11443824544548989
2026-03-13T00:00:00.000Z,0,0.11454936543648893
2026-03-15T00:00:00.000Z,0,0.11471945954994722
2026-03-11T00:00:00.000Z,0,0.11267107853835279
2026-03-14T00:00:00.000Z,0,0.11582539813085035
2026-06-13T00:00:00.000Z,0,0.11100161244923418
2026-06-16T00:00:00.000Z,0,0.11480945558710531
2026-06-15T00:00:00.000Z,0,0.11290902301276985
2026-06-19T00:00:00.000Z,0,0.11690084507519549
2026-06-18T00:00:00.000Z,0,0.11746182787147436
2026-06-14T00:00:00.000Z,0,0.11002740148793567
2026-06-17T00:00:00.000Z,0,0.11573680117726326
2026-06-12T00:00:00.000Z,0,0.11209299767559225
2026-04-16T00:00:00.000Z,0,0.11656768037514253
2026-04-13T00:00:00.000Z,0,0.11730729226361622
2026-04-15T00:00:00.000Z,0,0.11596818755973469
2026-04-12T00:00:00.000Z,0,0.11693680022532742
2026-04-10T00:00:00.000Z,0,0.1176718524911187
2026-04-11T00:00:00.000Z,0,0.11898166036063974
2026-04-09T00:00:00.000Z,0,0.11778039315884764
2026-04-14T00:00:00.000Z,0,0.11543981378728693
2026-06-03T00:00:00.000Z,0,0.11422820707613772
2026-05-29T00:00:00.000Z,0,0.11931627887216481
2026-06-02T00:00:00.000Z,0,0.11664150601083582
2026-06-01T00:00:00.000Z,0,0.1167129361494021
2026-05-30T00:00:00.000Z,0,0.11714969565601725
2026-05-28T00:00:00.000Z,0,0.11832147667353804
2026-05-27T00:00:00.000Z,0,0.11681659675457261
2026-05-31T00:00:00.000Z,0,0.11666034805503758
2026-06-06T00:00:00.000Z,0,0.11687399297952653
2026-06-11T00:00:00.000Z,0,0.11750803230838343
2026-06-05T00:00:00.000Z,0,0.11724382422187112
2026-06-07T00:00:00.000Z,0,0.11643265390937979
2026-06-10T00:00:00.000Z,0,0.1183159963651137
2026-06-09T00:00:00.000Z,0,0.11797175522555005
2026-06-08T00:00:00.000Z,0,0.1180729788812724
2026-06-04T00:00:00.000Z,0,0.11653101613575761
2026-08-16T00:00:00.000Z,0,0.11829985928806391
2026-08-21T00:00:00.000Z,0,0.12332016249949282
2026-08-18T00:00:00.000Z,0,0.12179863100850975
2026-08-15T00:00:00.000Z,0,0.11868638971989805
2026-08-19T00:00:00.000Z,0,0.12090558673847805
2026-08-22T00:00:00.000Z,0,0.12126669551838529
2026-08-17T00:00:00.000Z,0,0.12081389061429283
2026-08-20T00:00:00.000Z,0,0.12152140858498486
2026-08-10T00:00:00.000Z,0,0.12106748555194248
2026-08-07T00:00:00.000Z,0,0.12099371112205766
2026-08-09T00:00:00.000Z,0,0.12191872156479142
2026-08-08T00:00:00.000Z,0,0.12135529003360054
2026-08-13T00:00:00.000Z,0,0.1168964959681034
2026-08-12T00:00:00.000Z,0,0.11995147222822362
2026-08-11T00:00:00.000Z,0,0.12120517560026862
2026-08-14T00:00:00.000Z,0,0.11802464418790558
2026-05-15T00:00:00.000Z,0,0.11638961989771236
2026-05-17T00:00:00.000Z,0,0.11536618626930496
2026-05-11T00:00:00.000Z,0,0.11527535773136399
2026-05-16T00:00:00.000Z,0,0.1162292942404747
2026-05-18T00:00:00.000Z,0,0.11613447043028745
2026-05-12T00:00:00.000Z,0,0.11435768827795982
2026-05-14T00:00:00.000Z,0,0.114681424345912
2026-05-13T00:00:00.000Z,0,0.11536229462786154
